,Action,Adventure,Animation,Children,Comedy,Crime,Documentary,Drama,Fantasy,Film-Noir,Horror,IMAX,Musical,Mystery,Romance,Sci-Fi,Thriller,War,Western,id,cnt,
0,0,0,0,0,0,0,0,1,0,0,0,0,0,0,0,0,0,0,0,0,5698,
36,0,0,0,0,1,0,0,0,0,0,0,0,0,0,0,0,0,0,0,20,3600,
14,0,0,0,0,0,0,1,0,0,0,0,0,0,0,0,0,0,0,0,8,2854,
45,0,0,0,0,1,0,0,1,0,0,0,0,0,0,0,0,0,0,0,23,1503,
5,0,0,0,0,0,0,0,1,0,0,0,0,0,0,1,0,0,0,0,4,1426,
11,0,0,0,0,1,0,0,0,0,0,0,0,0,0,1,0,0,0,0,7,1042,
21,0,0,0,0,0,0,0,0,0,0,1,0,0,0,0,0,0,0,0,14,1008,
67,0,0,0,0,1,0,0,1,0,0,0,0,0,0,1,0,0,0,0,29,691,
27,0,0,0,0,0,0,0,1,0,0,0,0,0,0,0,0,1,0,0,15,596,
51,0,0,0,0,0,0,0,0,0,0,0,0,0,0,0,0,1,0,0,26,571,
76,0,0,0,0,0,1,0,1,0,0,0,0,0,0,0,0,0,0,0,31,557,
16,0,0,0,0,0,0,0,0,0,0,1,0,0,0,0,0,1,0,0,10,546,
15,0,0,0,0,0,0,0,1,0,0,0,0,0,0,0,0,0,1,0,9,432,
80,1,0,0,0,0,0,0,0,0,0,0,0,0,0,0,0,0,0,0,33,374,
400,0,0,1,0,0,0,0,0,0,0,0,0,0,0,0,0,0,0,0,125,372,
100,0,0,0,0,0,0,0,0,0,0,0,0,0,0,0,0,0,0,1,39,369,
32,0,0,0,0,0,1,0,1,0,0,0,0,0,0,0,0,1,0,0,18,330,
69,1,0,0,0,0,0,0,1,0,0,0,0,0,0,0,0,0,0,0,30,330,
224,1,0,0,0,0,0,0,0,0,0,0,0,0,0,0,0,1,0,0,76,284,
111,0,0,0,0,1,0,0,0,0,0,1,0,0,0,0,0,0,0,0,43,248,
637,0,0,0,0,0,0,0,0,0,0,0,0,0,0,0,1,0,0,0,169,233,
356,1,0,0,0,1,0,0,0,0,0,0,0,0,0,0,0,0,0,0,117,222,
93,0,0,0,0,0,0,0,0,0,0,1,0,0,0,0,1,0,0,0,37,215,
442,0,0,1,1,0,0,0,0,0,0,0,0,0,0,0,0,0,0,0,133,189,
234,0,0,0,0,1,1,0,0,0,0,0,0,0,0,0,0,0,0,0,81,178,
3,0,0,0,1,0,0,0,1,0,0,0,0,0,0,0,0,0,0,0,2,176,
19,0,0,0,1,1,0,0,0,0,0,0,0,0,0,0,0,0,0,0,13,172,
110,0,0,0,0,0,0,0,0,0,0,0,0,0,0,1,0,0,0,0,42,171,
249,1,0,0,0,0,0,0,1,0,0,0,0,0,0,0,0,1,0,0,87,167,
325,1,0,0,0,0,1,0,0,0,0,0,0,0,0,0,0,1,0,0,107,167,
181,1,0,0,0,0,1,0,1,0,0,0,0,0,0,0,0,0,0,0,60,166,
225,0,0,0,0,0,0,0,0,0,0,1,0,0,1,0,0,1,0,0,77,153,
28,0,0,0,0,0,1,0,0,0,0,0,0,0,0,0,0,1,0,0,16,150,
227,0,1,0,0,0,0,0,1,0,0,0,0,0,0,0,0,0,0,0,78,143,
6,1,1,0,0,0,0,0,0,0,0,0,0,0,0,0,0,0,0,0,5,136,
90,1,0,0,0,0,0,0,0,0,0,0,0,0,0,0,1,0,0,0,36,135,
557,0,0,0,0,0,1,0,0,0,0,0,0,0,0,0,0,0,0,0,160,134,
1,0,0,0,0,0,0,0,1,0,0,1,0,0,0,0,0,1,0,0,1,133,
209,0,1,0,0,0,0,0,0,0,0,0,0,0,0,0,0,0,0,0,72,133,
266,0,0,0,0,0,0,0,0,0,0,0,0,0,1,0,0,1,0,0,90,131,
124,0,0,0,0,0,0,0,1,0,0,0,0,0,1,0,0,1,0,0,45,130,
216,0,0,0,0,0,0,0,1,0,0,1,0,0,0,0,0,0,0,0,75,122,
172,0,0,0,0,0,0,0,1,0,0,0,0,0,1,0,0,0,0,0,57,120,
213,1,0,0,0,0,0,0,1,0,0,0,0,0,0,0,0,0,1,0,74,114,
31,1,0,0,0,0,1,0,1,0,0,0,0,0,0,0,0,1,0,0,17,109,
236,1,0,0,0,0,1,0,0,0,0,0,0,0,0,0,0,0,0,0,82,108,
186,0,0,1,0,1,0,0,0,0,0,0,0,0,0,0,0,0,0,0,63,105,
1554,0,0,1,1,1,0,0,0,0,0,0,0,0,0,0,0,0,0,0,286,101,27044
1337,0,0,0,0,0,0,0,1,0,0,0,0,0,0,1,0,0,1,0,258,99,
421,0,0,0,0,0,0,1,1,0,0,0,0,0,0,0,0,0,0,0,127,97,
78,0,0,0,0,1,0,1,0,0,0,0,0,0,0,0,0,0,0,0,32,97,
210,0,0,0,0,1,1,0,1,0,0,0,0,0,0,0,0,0,0,0,73,96,
101,0,0,0,0,1,0,0,0,0,0,0,0,1,0,0,0,0,0,0,40,96,
1210,1,1,0,0,0,0,0,1,0,0,0,0,0,0,0,0,0,0,0,247,96,
602,0,0,0,0,1,0,0,0,0,0,0,0,1,0,1,0,0,0,0,167,95,
385,0,0,0,0,0,0,0,1,0,0,0,0,0,0,0,1,0,0,0,120,92,
529,0,0,0,1,0,0,0,0,0,0,0,0,0,0,0,0,0,0,0,153,91,
257,1,0,0,0,0,0,0,0,0,0,0,0,0,0,0,1,1,0,0,89,91,
298,0,0,0,0,0,0,0,1,0,0,0,0,1,0,0,0,0,0,0,97,89,
370,0,0,0,0,0,1,0,1,0,0,0,0,0,0,1,0,0,0,0,118,84,
395,0,0,0,0,0,0,0,0,0,0,0,0,0,1,0,0,0,0,0,122,82,
551,0,0,0,0,0,1,0,1,0,0,0,0,0,1,0,0,0,0,0,157,82,
183,0,0,0,0,0,0,0,0,0,0,1,0,0,0,0,1,1,0,0,62,82,
267,0,0,0,0,1,0,0,0,0,0,0,0,0,0,0,1,0,0,0,91,81,
34,0,1,0,0,1,0,0,0,0,0,0,0,0,0,0,0,0,0,0,19,80,
108,0,0,0,0,0,1,0,1,0,0,0,0,0,1,0,0,1,0,0,41,80,
300,0,0,0,0,0,0,0,1,1,0,0,0,0,0,0,0,0,0,0,99,79,
1182,0,0,0,0,0,0,0,0,0,0,1,0,0,1,0,0,0,0,0,241,79,
179,1,1,0,0,0,0,0,0,0,0,0,0,0,0,0,1,0,0,0,59,77,
717,0,0,0,0,0,0,0,0,0,0,0,0,0,0,0,1,1,0,0,181,76,
114,1,1,0,0,0,0,0,0,1,0,0,0,0,0,0,0,0,0,0,44,73,
61,0,0,0,0,1,0,0,0,1,0,0,0,0,0,0,0,0,0,0,27,72,
88,0,0,0,0,1,0,0,0,0,0,0,0,0,0,0,0,0,0,1,35,70,
436,1,0,0,0,1,1,0,0,0,0,0,0,0,0,0,0,0,0,0,132,69,
352,1,1,0,0,0,0,0,0,0,0,0,0,0,0,0,0,1,0,0,116,65,
500,0,0,0,0,0,0,0,1,0,0,0,0,0,0,1,0,1,0,0,146,65,
428,0,1,0,1,0,0,0,0,0,0,0,0,0,0,0,0,0,0,0,130,64,
429,0,0,0,0,0,1,0,0,0,0,0,0,0,1,0,0,1,0,0,131,62,
321,0,0,0,0,0,0,1,0,0,0,0,0,1,0,0,0,0,0,0,106,61,
182,0,0,0,1,1,0,0,1,0,0,0,0,0,0,0,0,0,0,0,61,61,
9,0,0,0,0,0,1,0,1,0,1,0,0,0,0,0,0,0,0,0,6,60,
453,0,0,0,0,0,0,0,1,0,0,0,0,1,0,1,0,0,0,0,135,60,
350,0,0,0,0,0,0,1,0,0,0,0,0,0,0,0,0,0,1,0,115,60,
413,0,1,0,0,0,0,0,1,0,0,0,0,0,0,1,0,0,0,0,126,60,
313,1,0,0,0,0,0,0,0,0,0,1,0,0,0,0,0,1,0,0,102,60,
591,0,0,0,0,0,0,0,1,0,0,0,0,0,0,0,0,0,0,1,166,60,
540,1,0,0,0,0,0,0,0,0,0,0,0,0,0,0,0,0,0,1,155,58,
467,1,0,0,0,0,0,0,0,0,0,1,0,0,0,0,1,0,0,0,141,58,
18,0,0,0,0,0,0,0,0,1,0,0,0,0,0,0,0,0,0,0,12,56,
331,0,0,0,0,0,0,0,1,1,0,0,0,0,0,1,0,0,0,0,109,53,
1187,0,0,0,0,0,0,0,0,0,0,0,0,0,0,0,0,0,1,0,242,53,
746,1,0,0,0,0,0,0,1,0,0,0,0,0,0,1,0,0,0,0,187,52,
544,0,0,0,0,0,0,0,1,0,0,1,0,0,1,0,0,1,0,0,156,51,
242,0,0,0,1,0,0,0,0,1,0,0,0,0,0,0,0,0,0,0,84,50,
85,0,0,0,0,0,0,0,0,1,0,1,0,0,0,0,0,0,0,0,34,50,
463,0,1,1,1,0,0,0,0,0,0,0,0,0,0,0,0,0,0,0,138,49,
152,1,1,0,0,1,0,0,0,0,0,0,0,0,0,0,0,0,0,0,52,48,
628,0,0,0,0,1,0,0,0,0,0,0,0,0,0,0,0,1,0,0,168,46,
2661,0,1,0,0,0,0,0,0,1,0,0,0,0,0,0,0,0,0,0,371,46,
1340,0,0,0,0,0,0,0,0,0,0,0,0,1,0,0,0,0,0,0,259,45,
1181,1,0,0,0,0,0,0,0,0,0,1,0,0,0,0,0,0,0,0,240,45,
1142,0,0,0,0,0,0,0,1,0,0,0,0,0,0,0,1,1,0,0,235,44,
461,1,0,0,0,1,0,0,1,0,0,0,0,0,0,0,0,0,0,0,137,44,
494,0,1,1,1,1,0,0,0,0,0,0,0,0,0,0,0,0,0,0,145,43,
1321,0,0,1,0,0,0,0,0,1,0,0,0,0,0,0,0,0,0,0,257,42,
307,0,1,0,1,0,0,0,0,1,0,0,0,0,0,0,0,0,0,0,101,40,
238,0,0,0,0,0,1,0,0,0,0,0,0,0,1,0,0,0,0,0,83,40,
1534,0,0,0,0,1,0,0,0,0,0,1,0,0,0,0,0,1,0,0,284,39,
1357,0,0,0,0,1,0,0,1,1,0,0,0,0,0,0,0,0,0,0,262,39,
276,0,0,1,1,0,0,0,0,1,0,0,0,0,0,0,0,0,0,0,93,38,
2782,0,0,0,1,1,0,0,0,1,0,0,0,0,0,0,0,0,0,0,383,38,
967,0,0,1,0,0,0,0,0,0,0,0,0,0,0,0,1,0,0,0,211,38,
187,0,0,0,0,0,0,0,1,0,0,1,0,0,1,0,0,0,0,0,64,38,
1009,0,0,0,0,1,0,0,0,0,0,1,0,0,0,0,1,0,0,0,216,38,
1427,0,1,0,1,0,0,0,1,0,0,0,0,0,0,0,0,0,0,0,270,37,
204,0,0,0,0,1,0,0,0,1,0,0,0,0,0,1,0,0,0,0,68,37,
2841,0,0,0,0,0,1,0,0,0,0,1,0,0,0,0,0,1,0,0,385,37,
455,0,0,0,0,1,0,0,0,0,0,0,0,0,0,0,0,0,1,0,136,35,
1073,0,0,0,0,0,0,0,1,0,1,0,0,0,0,0,0,0,0,0,225,34,
512,0,0,0,0,0,0,0,0,0,0,0,0,0,0,1,0,0,0,1,149,34,
207,0,0,0,0,1,0,0,1,0,0,0,0,0,0,0,0,1,0,0,70,34,
2503,0,1,0,0,0,0,0,0,0,0,0,0,0,0,0,1,0,0,0,363,34,
1707,1,0,0,0,0,0,0,0,0,0,0,0,0,0,0,0,0,1,0,302,34,
656,0,1,0,1,1,0,0,0,0,0,0,0,0,0,0,0,0,0,0,172,33,
2083,0,0,0,0,0,0,0,1,0,0,0,0,0,1,1,0,0,0,0,329,33,
1720,0,0,1,0,0,0,0,1,0,0,0,0,0,0,0,0,0,0,0,304,32,
1401,1,1,0,0,0,0,0,0,1,0,0,0,0,0,0,1,0,0,0,266,32,
894,1,0,0,0,1,0,0,0,0,0,0,0,0,0,1,0,0,0,0,200,32,
1412,0,0,0,0,1,0,0,1,0,0,0,0,1,0,0,0,0,0,0,268,32,
427,0,1,1,1,0,0,0,0,1,0,0,0,0,0,0,0,0,0,0,129,31,
506,0,1,0,0,1,0,0,1,0,0,0,0,0,0,0,0,0,0,0,148,30,
3073,0,0,0,0,1,0,0,1,0,0,0,0,0,0,0,0,0,1,0,406,30,
1617,1,1,0,0,0,0,0,0,0,0,0,0,0,0,0,1,1,0,0,292,29,
1403,0,0,0,0,0,0,0,0,0,0,0,0,0,0,1,0,1,0,0,267,29,
6068,0,0,0,0,0,0,0,0,1,0,1,0,0,0,0,0,1,0,0,589,29,
64,0,0,0,0,0,1,0,1,0,0,0,0,0,0,1,0,1,0,0,28,29,
320,1,0,1,0,0,0,0,0,0,0,0,0,0,0,0,1,0,0,0,105,29,
994,0,1,1,0,1,0,0,0,0,0,0,0,0,0,0,0,0,0,0,215,29,
1158,0,1,0,0,1,0,0,0,1,0,0,0,0,0,0,0,0,0,0,237,29,
2697,0,0,0,0,1,1,0,0,0,0,0,0,0,0,0,0,1,0,0,373,28,
7247,0,0,0,0,1,0,0,1,0,0,0,0,1,0,1,0,0,0,0,646,28,
253,1,1,1,0,0,0,0,0,0,0,0,0,0,0,0,0,0,0,0,88,28,
1178,1,0,0,0,1,1,0,0,0,0,0,0,0,0,0,0,1,0,0,239,27,
735,1,0,0,0,1,0,0,0,0,0,0,0,0,0,0,1,0,0,0,185,27,
660,1,0,0,0,0,0,0,0,0,0,1,0,0,0,0,1,1,0,0,173,27,
94,0,0,0,1,0,0,0,1,0,0,0,0,0,0,1,0,0,0,0,38,27,
206,0,0,0,0,0,0,0,1,0,0,0,0,0,0,0,0,1,1,0,69,27,
49,0,0,0,0,0,1,1,0,0,0,0,0,0,0,0,0,0,0,0,24,26,
2856,1,0,0,0,0,0,0,0,0,0,0,0,0,0,1,0,0,0,0,388,26,
1691,0,1,0,0,0,0,1,0,0,0,0,0,0,0,0,0,0,0,0,300,26,
177,0,0,0,0,1,0,0,0,1,0,1,0,0,0,0,0,0,0,0,58,26,
2260,0,1,0,0,0,0,0,1,0,0,0,0,0,0,0,0,0,1,0,343,25,
1043,0,1,0,0,0,0,0,0,0,0,0,0,0,0,0,0,0,0,1,220,25,
44,1,0,1,0,0,0,0,0,0,0,0,0,0,0,0,0,0,0,0,22,25,
1734,0,0,0,0,1,1,0,0,0,0,0,0,0,0,1,0,0,0,0,307,24,
1149,1,1,0,0,0,0,0,1,0,0,0,0,0,0,0,0,0,1,0,236,24,
1680,1,0,0,0,0,0,0,0,0,0,0,0,0,1,0,0,1,0,0,299,24,
2145,0,0,0,0,1,0,0,0,0,0,0,0,0,1,0,0,0,0,0,334,23,
1081,0,1,0,0,0,0,0,0,0,0,0,0,0,0,1,0,0,0,0,227,22,
905,0,0,0,0,0,1,0,0,0,0,1,0,0,1,0,0,1,0,0,202,22,
452,0,0,0,0,0,0,0,1,0,0,1,0,0,0,0,1,0,0,0,134,22,
839,1,0,0,0,0,0,0,0,1,0,0,0,0,0,0,1,0,0,0,193,21,
17,0,0,0,0,0,1,0,1,0,0,1,0,0,0,0,0,1,0,0,11,21,
1023,1,0,0,0,1,0,0,0,0,0,1,0,0,0,0,0,0,0,0,217,21,
491,1,0,0,0,0,0,0,1,0,0,0,0,0,0,0,0,0,0,1,144,21,
2402,0,1,1,0,0,0,0,0,0,0,0,0,0,0,0,0,0,0,0,352,21,
937,0,0,0,0,1,0,0,1,1,0,0,0,0,0,1,0,0,0,0,208,20,
891,0,0,0,1,1,0,0,0,0,0,0,0,0,0,1,0,0,0,0,198,20,
555,0,0,0,0,0,0,0,0,0,0,0,0,1,0,1,0,0,0,0,159,20,
1222,0,1,1,1,1,0,0,0,1,0,0,0,0,0,0,0,0,0,0,248,20,
336,1,0,0,0,1,0,0,0,0,0,0,0,0,0,0,0,1,0,0,110,20,
698,0,0,0,0,0,0,0,0,0,0,0,0,0,1,0,1,1,0,0,177,19,
1295,0,0,0,0,0,1,0,1,0,1,0,0,0,0,0,0,1,0,0,252,19,
319,0,1,0,0,0,0,0,1,0,0,0,0,0,0,0,0,1,0,0,104,19,
727,1,0,0,0,0,0,0,1,0,0,0,0,0,0,0,1,0,0,0,183,18,
655,0,0,1,0,0,0,1,0,0,0,0,0,0,0,0,0,0,0,0,171,18,
3739,0,0,0,0,1,1,0,0,0,0,0,0,0,1,0,0,0,0,0,450,18,
3584,0,0,0,0,1,1,0,1,0,0,0,0,0,0,0,0,1,0,0,441,17,
2460,0,0,0,0,1,1,0,0,0,0,0,0,0,1,0,0,1,0,0,360,17,
5842,0,0,0,0,0,0,1,0,0,0,0,1,0,0,0,0,0,0,0,579,17,
1096,1,1,0,0,0,0,0,0,0,0,0,0,0,0,0,0,0,1,0,229,17,
3107,0,0,0,0,0,0,0,1,0,0,0,0,0,1,1,0,1,0,0,409,16,
5075,0,0,0,0,0,0,1,0,0,0,1,0,0,0,0,0,0,0,0,530,16,
476,0,0,0,1,0,0,0,0,0,0,0,0,0,0,1,0,0,0,0,143,16,
1432,1,0,0,0,1,1,0,1,0,0,0,0,0,0,0,0,0,0,0,271,16,
1441,0,0,0,0,0,0,0,0,0,0,0,0,0,0,1,1,0,0,0,272,16,
2495,0,0,0,0,0,0,0,1,0,0,0,0,0,0,1,1,0,0,0,362,16,
7144,0,0,0,0,0,0,0,1,0,0,1,0,0,0,1,0,0,0,0,640,16,
127,0,0,0,0,0,1,0,1,0,0,1,0,0,0,0,0,0,0,0,46,16,
890,1,0,1,0,1,0,0,0,0,0,0,0,0,0,0,0,0,0,0,197,16,
466,0,0,0,0,0,0,0,1,0,1,0,0,0,0,0,0,1,0,0,140,16,
2151,0,0,0,0,0,0,0,1,1,0,1,0,0,0,0,0,0,0,0,335,15,
4739,0,0,1,0,1,0,0,0,0,0,0,0,0,0,0,1,0,0,0,501,15,
2062,0,0,0,0,1,0,0,1,0,0,0,0,0,1,0,0,0,0,0,325,15,
347,1,1,0,0,0,1,0,0,0,0,0,0,0,0,0,0,1,0,0,112,15,
522,1,1,0,0,0,1,0,0,0,0,0,0,0,0,0,0,0,0,0,151,15,
816,0,0,1,0,0,0,0,1,1,0,0,0,0,0,0,0,0,0,0,190,15,
1256,1,0,1,0,0,0,0,0,1,0,0,0,0,0,0,0,0,0,0,250,15,
4903,0,1,1,0,0,0,0,0,1,0,0,0,0,0,0,0,0,0,0,515,15,
163,0,0,0,0,1,1,0,1,0,0,0,0,0,0,1,0,0,0,0,56,15,
3748,0,0,0,0,0,0,0,0,1,0,0,0,0,0,0,1,0,0,0,451,14,
316,1,1,0,0,0,0,0,0,0,0,0,0,0,0,1,0,0,0,0,103,14,
2170,0,1,0,0,1,0,0,0,0,0,0,0,0,0,1,0,0,0,0,336,14,
3195,1,0,0,0,1,0,0,0,1,0,0,0,0,0,0,0,0,0,0,414,14,
1074,0,0,0,0,1,0,0,1,0,0,1,0,0,0,0,0,0,0,0,226,13,
4288,1,0,0,0,0,0,0,1,0,0,0,0,0,0,1,0,0,1,0,477,13,
2739,1,0,0,0,0,0,0,1,0,0,0,0,0,0,0,1,1,0,0,379,13,
1479,0,1,0,0,1,0,0,0,0,0,0,0,0,0,0,1,0,0,0,274,13,
145,0,0,0,0,1,0,0,0,0,0,1,0,0,0,1,0,0,0,0,51,13,
3637,0,0,0,0,0,1,0,0,0,0,1,0,0,1,0,0,0,0,0,443,13,
5507,0,0,1,0,1,0,0,1,0,0,0,0,0,0,0,0,0,0,0,555,13,
5008,1,0,0,0,0,0,0,0,0,0,0,0,0,0,1,0,1,0,0,524,13,
643,0,0,1,1,0,0,0,0,0,0,0,0,1,0,0,0,0,0,0,170,13,
5486,0,0,0,0,1,0,0,0,0,0,0,0,0,0,1,0,1,0,0,553,13,
5447,1,0,0,0,0,0,0,0,1,0,0,0,0,0,0,0,0,0,0,550,13,
5644,0,0,0,0,0,0,0,0,0,0,1,0,0,1,0,1,1,0,0,564,13,
687,0,0,1,0,1,0,0,0,1,0,0,0,0,0,0,0,0,0,0,175,13,
5753,0,0,0,0,0,0,0,1,1,0,0,0,0,1,0,0,0,0,0,572,13,
5119,1,1,0,1,0,0,0,0,0,0,0,0,0,0,0,0,0,0,0,533,13,
1305,0,1,0,0,0,0,0,1,0,0,0,0,0,0,0,0,0,0,1,253,12,
2425,1,0,0,0,0,1,0,0,0,0,0,0,0,1,0,0,1,0,0,355,12,
5707,1,1,0,0,0,0,0,1,0,0,0,0,0,0,0,0,1,0,0,570,12,
7183,1,0,0,0,0,0,0,0,0,0,0,0,0,0,0,0,1,1,0,643,12,
3677,0,0,0,0,1,0,1,1,0,0,0,0,0,0,0,0,0,0,0,445,12,
1522,0,0,0,0,0,0,0,0,0,0,1,0,0,0,1,0,1,0,0,280,12,
2730,0,0,0,0,0,0,1,0,0,0,0,0,0,0,0,1,0,0,0,377,12,
1579,0,0,0,0,1,0,0,0,0,0,0,0,0,0,1,1,0,0,0,289,12,
339,0,0,0,0,0,0,0,1,0,0,0,0,0,1,0,1,0,0,0,111,12,
391,1,1,0,0,1,0,0,0,0,0,0,0,0,0,0,1,0,0,0,121,12,
563,1,0,0,0,1,0,0,1,0,0,0,0,0,0,1,0,0,0,0,162,12,
10141,0,0,0,1,0,0,0,1,1,0,0,0,0,0,0,0,0,0,0,747,12,
11134,0,0,0,0,0,1,0,0,0,0,1,0,0,0,0,0,0,0,0,782,12,
1397,0,0,0,0,0,0,0,0,1,0,0,0,0,0,1,0,0,0,0,264,11,
1194,1,0,0,0,0,1,0,1,0,0,0,0,0,1,0,0,1,0,0,244,11,
5763,0,0,0,0,0,0,0,0,0,0,1,0,0,1,0,1,0,0,0,573,11,
274,0,0,0,0,0,0,1,0,0,0,0,0,0,1,0,0,0,0,0,92,11,
946,1,1,0,0,0,0,0,0,0,0,0,1,0,0,0,1,0,0,0,209,11,
4008,1,0,0,0,0,0,0,0,0,0,0,0,0,0,1,0,0,0,1,464,11,
2078,0,1,0,1,1,0,0,0,1,0,0,0,0,0,0,0,0,0,0,328,11,
3288,0,0,0,0,0,1,0,0,0,1,0,0,0,0,0,0,1,0,0,422,11,
2855,0,1,0,0,0,0,0,0,0,0,1,0,0,0,0,0,0,0,0,387,11,
990,0,0,0,0,0,0,0,1,0,0,1,0,0,0,0,1,1,0,0,214,11,
1618,0,0,0,0,0,1,0,0,0,1,0,0,0,0,0,0,0,0,0,293,11,
8329,0,1,0,1,0,0,0,0,0,0,0,0,0,0,0,1,0,0,0,679,11,
578,0,1,0,0,0,0,0,1,1,0,0,0,0,0,0,0,0,0,0,163,11,
2430,1,0,0,0,0,0,0,0,0,0,0,0,0,1,0,0,0,0,0,356,10,
6798,1,1,0,0,0,0,0,1,1,0,0,0,0,0,0,0,0,0,0,625,10,
1641,0,0,0,1,0,0,1,0,0,0,0,0,0,0,0,0,0,0,0,296,10,
1730,0,1,0,0,0,1,0,1,0,0,0,0,0,0,0,0,0,0,0,306,10,
5841,0,0,0,0,1,0,0,0,1,0,0,0,0,0,0,1,0,0,0,578,10,
7780,0,0,0,1,0,0,0,0,0,0,0,0,0,0,0,1,0,0,0,664,10,
8694,0,0,1,0,0,0,0,1,0,0,0,0,0,0,1,0,0,0,0,696,10,
1871,0,1,0,1,0,0,0,0,1,0,0,0,0,0,0,1,0,0,0,319,10,
1804,1,1,0,0,0,0,0,1,0,0,0,0,0,0,1,0,0,0,0,314,10,
8841,0,0,0,0,0,0,0,0,0,1,0,0,0,0,0,0,0,0,0,702,10,
972,1,1,0,1,1,0,0,0,0,0,0,0,0,0,0,0,0,0,0,212,10,
3973,1,1,0,0,0,0,0,0,0,0,1,0,0,0,0,0,0,0,0,462,10,
8207,0,0,0,0,1,0,0,1,0,0,0,0,0,0,0,1,0,0,0,676,10,
233,0,0,0,0,0,0,0,1,0,0,0,0,0,0,1,0,0,0,1,80,10,
4248,0,0,0,0,0,0,0,0,0,0,1,0,0,0,0,0,0,0,1,474,10,
926,1,0,0,0,1,0,0,1,0,0,0,0,0,0,0,0,1,0,0,207,9,
1808,0,0,0,0,1,0,0,1,0,0,0,0,0,1,1,0,0,0,0,315,9,
2745,0,0,0,0,1,1,0,1,0,0,0,0,0,1,0,0,1,0,0,380,9,
6330,0,0,0,0,1,0,0,0,1,0,0,0,1,0,0,0,0,0,0,603,9,
2844,0,1,0,0,0,0,0,0,0,0,0,0,0,0,0,0,1,0,0,386,9,
4315,0,0,0,0,1,0,0,0,0,0,0,0,0,1,0,0,1,0,0,480,9,
5232,0,1,0,0,0,0,0,1,0,0,0,0,0,0,0,1,0,0,0,539,9,
2946,0,1,0,0,0,0,0,0,0,0,1,0,0,0,0,1,0,0,0,393,9,
3330,0,1,0,0,1,0,0,0,0,0,1,0,0,0,0,0,0,0,0,426,9,
1474,1,1,0,0,1,0,0,0,0,0,0,0,0,0,1,0,0,0,0,273,9,
2997,1,0,0,0,0,1,0,0,0,0,0,0,0,0,0,1,0,0,0,397,8,
8647,0,0,1,0,0,0,0,0,0,0,0,0,1,0,0,0,0,0,0,693,8,
5786,0,0,0,0,0,0,0,1,0,1,0,0,0,1,0,0,0,0,0,575,8,
1770,0,0,0,0,0,0,0,1,1,0,0,0,0,0,0,1,0,0,0,311,8,
5088,1,1,1,1,0,0,0,0,0,0,0,0,0,0,0,0,0,0,0,531,8,
12794,1,0,0,0,0,0,0,1,0,0,0,0,0,0,0,0,1,1,0,846,8,
2111,0,0,0,0,0,1,0,1,0,0,1,0,0,1,0,0,1,0,0,331,8,
583,0,0,1,1,1,0,0,0,1,0,0,0,0,0,0,0,0,0,0,164,8,
7133,0,0,0,0,0,0,0,0,0,0,0,0,0,1,1,0,1,0,0,639,8,
2194,0,0,0,1,1,0,0,0,0,0,0,0,1,0,0,0,0,0,0,338,8,
1496,1,1,0,0,0,0,0,0,0,0,0,0,0,0,0,0,0,0,1,275,8,
792,0,0,0,0,0,1,0,1,0,0,0,0,0,1,1,0,1,0,0,188,8,
3314,1,0,0,0,0,0,0,1,0,0,1,0,0,0,0,0,1,0,0,425,8,
6070,1,1,0,0,1,0,0,0,1,0,0,0,0,0,0,0,0,0,0,590,8,
398,0,1,0,0,0,0,0,0,1,0,0,0,0,0,0,1,0,0,0,124,8,
5653,0,0,0,0,0,0,0,0,1,0,1,0,0,0,0,1,0,0,0,566,8,
160,0,0,0,0,1,0,0,0,0,0,1,0,0,1,0,0,0,0,0,55,8,
9275,0,0,0,0,1,0,0,0,0,0,0,0,0,0,0,1,1,0,0,716,8,
5909,1,1,0,0,1,1,0,0,0,0,0,0,0,0,0,0,0,0,0,580,8,
2416,1,0,0,0,1,0,0,0,0,0,0,0,0,0,0,0,0,0,1,354,8,
1346,0,1,0,0,1,0,0,0,0,0,0,0,0,0,0,0,0,0,1,261,8,
730,0,1,0,0,0,0,0,0,0,0,0,0,0,0,0,0,0,1,0,184,8,
7652,0,0,0,0,0,1,0,0,0,0,1,0,0,0,0,1,0,0,0,660,8,
198,0,0,0,0,1,1,0,1,0,0,0,0,0,1,0,0,0,0,0,66,8,
1889,0,0,0,0,0,0,0,0,0,0,0,0,0,1,0,1,0,0,0,320,8,
2208,0,0,0,0,0,0,0,0,0,0,0,0,0,0,1,0,0,1,0,339,7,
2636,0,0,0,0,1,0,0,0,0,0,0,0,1,0,0,0,0,0,1,369,7,
8114,1,0,0,0,0,0,0,1,0,0,0,0,0,0,1,0,1,0,0,673,7,
2510,0,0,0,0,1,0,0,0,0,0,0,0,0,0,1,0,0,1,0,364,7,
1794,1,1,0,0,0,1,0,1,0,0,0,0,0,0,0,0,0,0,0,313,7,
6324,1,0,0,0,0,0,0,0,1,0,1,0,0,0,0,0,1,0,0,602,7,
1987,0,0,0,0,0,1,0,1,0,1,0,0,0,1,0,0,0,0,0,324,7,
2720,1,0,0,1,1,0,0,0,0,0,0,0,0,0,0,0,0,0,0,374,7,
538,0,0,0,0,0,0,0,0,0,0,0,0,0,0,0,0,1,1,0,154,7,
10183,0,0,0,0,0,0,0,1,1,0,0,0,0,1,1,0,0,0,0,748,7,
14839,0,0,0,0,0,0,0,0,0,1,0,0,0,0,0,0,1,0,0,924,7,
5679,0,0,0,0,1,1,0,0,0,0,1,0,0,0,0,0,0,0,0,569,7,
4282,1,0,0,0,1,0,0,0,0,0,1,0,0,0,0,1,0,0,0,475,7,
18133,0,0,0,0,0,0,1,0,0,0,0,0,0,0,0,0,1,0,0,1009,7,
1635,0,0,0,0,1,0,0,0,0,0,0,0,0,0,1,0,0,0,1,295,7,
875,0,0,1,1,0,0,0,0,1,0,0,0,1,0,0,0,0,0,0,195,7,
5353,0,0,0,0,0,0,0,1,0,0,0,0,0,1,0,1,1,0,0,545,7,
13242,1,0,0,0,0,0,0,1,0,0,0,0,0,0,1,0,0,0,1,866,7,
12174,0,0,0,1,1,0,0,0,0,0,0,0,0,0,0,1,0,0,0,829,7,
155,1,0,1,0,0,0,0,0,0,0,1,0,0,0,0,0,0,0,0,53,7,
706,0,1,0,0,0,0,0,0,0,0,1,0,0,0,0,0,1,0,0,179,7,
1517,1,0,0,0,1,1,0,1,0,0,0,0,0,0,0,0,1,0,0,278,7,
1519,0,0,0,0,1,0,0,1,0,0,0,0,0,0,1,0,1,0,0,279,7,
2334,0,0,0,0,0,0,0,1,1,0,0,0,0,0,0,0,1,0,0,347,7,
6657,0,0,0,0,0,1,0,1,0,1,0,0,0,0,1,0,0,0,0,619,7,
3226,0,0,0,0,0,0,0,0,0,0,1,0,0,0,1,0,0,0,0,418,7,
8737,1,1,1,0,0,0,0,0,1,0,0,0,0,0,0,0,0,0,0,697,7,
1584,0,0,0,0,1,0,0,0,0,0,1,0,0,0,0,1,1,0,0,290,7,
1597,0,0,0,0,0,1,0,0,0,0,0,0,0,0,1,0,1,0,0,291,7,
3094,0,0,0,0,0,0,0,0,1,0,0,0,0,1,0,0,1,0,0,408,7,
4625,1,1,0,0,0,0,0,0,0,0,1,0,0,0,0,1,0,0,0,496,7,
2436,1,0,0,0,0,1,0,0,0,0,0,0,0,1,0,0,0,0,0,357,6,
2448,0,1,0,0,0,0,1,1,0,0,0,0,0,0,0,0,0,0,0,359,6,
6721,1,0,1,0,0,1,0,0,0,0,0,0,0,0,0,0,0,0,0,622,6,
5048,0,0,0,0,1,1,0,0,0,0,0,0,0,1,1,0,0,0,0,525,6,
4831,0,0,0,0,1,0,0,1,0,0,0,0,0,0,1,0,0,1,0,507,6,
6960,0,0,0,0,0,0,0,0,0,0,0,0,0,1,1,0,0,0,0,630,6,
4113,0,0,0,0,0,0,1,1,0,0,0,0,0,0,0,0,1,0,0,470,6,
6101,0,1,0,0,1,0,0,0,0,0,0,0,1,0,0,0,0,0,0,591,6,
4233,0,0,0,0,0,0,0,0,1,0,1,0,0,1,0,0,0,0,0,473,6,
2613,0,0,0,1,1,0,0,1,0,0,0,0,0,0,1,0,0,0,0,367,6,
7161,0,1,0,0,0,0,0,0,0,0,0,0,0,0,0,1,1,0,0,641,6,
3921,0,1,0,0,0,0,0,0,0,0,0,0,0,0,1,0,0,0,1,460,6,
9147,1,1,0,0,0,0,0,1,0,0,0,0,0,0,0,1,0,0,0,709,6,
3843,1,0,0,0,0,1,0,0,0,0,0,0,0,0,0,0,0,0,1,457,6,
3750,1,0,0,0,0,0,0,0,1,0,1,0,0,0,0,0,0,0,0,452,6,
13578,1,0,0,0,0,0,0,1,0,0,0,0,0,1,0,0,0,0,0,880,6,
3466,0,0,0,0,0,1,0,1,0,0,0,0,0,1,1,0,0,0,0,434,6,
3306,0,1,0,0,1,1,0,0,0,0,0,0,0,0,0,0,0,0,0,423,6,
3270,0,1,0,0,0,0,0,0,1,0,0,0,0,0,1,0,0,0,0,421,6,
3227,0,0,0,0,0,0,0,1,0,0,0,0,0,1,0,0,0,1,0,419,6,
13278,1,0,0,0,1,0,0,0,1,0,1,0,0,0,0,0,0,0,0,868,6,
15648,1,1,1,1,1,0,0,0,0,0,0,0,0,0,0,0,0,0,0,943,6,
1066,1,1,0,0,0,0,0,1,0,0,0,0,0,0,1,0,0,1,0,222,6,
1923,0,0,0,0,1,0,0,0,0,0,1,0,0,1,0,0,1,0,0,322,6,
973,1,0,0,1,0,0,0,0,0,0,0,0,0,0,0,0,0,0,0,213,6,
1036,1,1,1,0,0,0,0,0,1,0,0,0,0,0,0,1,0,0,0,219,6,
397,1,1,0,0,0,0,0,1,0,0,0,0,0,0,0,0,0,0,1,123,6,
722,0,0,1,0,0,0,0,0,1,0,0,0,0,0,0,1,0,0,0,182,6,
475,0,0,0,0,1,0,1,0,0,0,0,0,1,0,0,0,0,0,0,142,6,
2193,0,1,0,1,1,0,0,1,0,0,0,0,0,0,0,0,0,0,0,337,6,
13814,0,0,0,1,0,0,1,1,0,0,0,0,0,0,0,0,0,0,0,888,5,
10541,0,0,0,0,0,0,0,1,0,0,1,0,0,0,1,0,1,0,0,759,5,
3339,1,0,0,0,1,0,0,0,1,0,0,0,0,0,0,1,0,0,0,427,5,
426,1,0,1,0,0,0,0,0,0,0,0,0,0,0,0,1,1,0,0,128,5,
6342,0,1,0,0,0,0,0,1,0,0,0,0,0,0,1,0,0,1,0,604,5,
6391,0,0,0,1,1,0,0,1,1,0,0,0,0,0,0,0,0,0,0,605,5,
379,0,0,0,0,0,0,0,1,1,0,1,0,0,1,0,0,1,0,0,119,5,
6445,0,1,0,0,0,1,0,0,0,0,0,0,0,0,0,0,1,0,0,607,5,
6483,0,0,0,0,1,1,0,0,1,0,0,0,0,0,0,0,0,0,0,610,5,
3124,0,0,1,1,0,0,0,1,0,0,0,0,0,0,0,0,0,0,0,410,5,
6742,0,1,0,0,0,0,0,1,0,0,1,0,0,0,0,0,0,0,0,623,5,
6901,1,0,0,0,0,0,0,0,0,0,0,0,0,0,1,1,1,0,0,627,5,
14750,0,0,0,1,1,1,0,0,0,0,0,0,0,0,0,0,0,0,0,921,5,
6148,0,1,1,0,1,0,0,0,1,0,0,0,0,0,0,0,0,0,0,593,5,
5920,1,1,1,0,0,0,0,0,0,0,0,0,0,0,0,1,0,0,0,581,5,
13558,1,0,0,0,0,0,0,1,1,0,0,0,0,0,0,0,0,0,0,879,5,
4478,0,0,1,0,1,0,0,0,0,0,0,0,1,0,0,0,0,0,0,488,5,
11820,1,0,0,0,0,0,0,1,0,0,0,0,0,1,0,0,1,0,0,818,5,
11722,0,0,0,0,0,1,0,1,0,0,1,0,0,1,0,0,0,0,0,815,5,
12289,1,1,0,0,1,1,0,0,0,0,0,0,0,0,0,0,1,0,0,831,5,
5134,0,0,0,0,1,1,0,1,0,0,0,0,0,0,1,0,1,0,0,535,5,
5141,1,1,0,0,0,0,1,0,0,0,0,0,0,0,0,0,0,0,0,537,5,
4526,0,1,1,0,0,0,0,0,1,0,0,0,0,0,0,1,0,0,0,491,5,
4423,1,0,0,0,0,1,0,0,0,0,0,0,0,0,1,0,1,0,0,486,5,
13556,0,0,0,0,0,0,0,1,0,0,0,0,0,0,1,0,1,1,0,878,5,
796,0,0,0,0,0,0,0,1,1,0,0,0,0,0,1,1,0,0,0,189,5,
5663,0,0,0,0,0,0,0,0,1,0,1,0,0,1,0,0,1,0,0,568,5,
1128,0,0,0,0,1,1,0,0,0,0,1,0,0,1,0,0,1,0,0,233,5,
5775,1,0,0,0,0,0,0,0,0,0,0,1,0,0,0,1,1,0,0,574,5,
559,0,0,0,0,0,0,0,1,0,0,1,0,0,1,0,1,1,0,0,161,5,
9678,0,1,1,1,0,0,0,0,0,0,0,0,1,0,0,0,0,0,0,726,5,
9679,1,1,0,1,0,0,0,1,0,0,0,0,0,0,0,0,0,0,0,727,5,
4931,0,0,0,0,0,1,0,1,0,0,0,0,0,0,0,1,1,0,0,519,5,
15588,0,0,1,0,0,0,0,0,0,0,0,0,0,0,0,0,0,1,0,941,5,
8023,1,1,0,0,0,0,0,1,0,0,0,0,0,0,0,1,1,0,0,671,5,
2759,0,0,0,1,1,0,0,0,1,0,0,0,0,0,1,0,0,0,0,381,5,
2732,0,0,0,0,1,0,0,1,0,0,0,0,0,0,0,0,0,0,1,378,5,
2311,1,1,0,0,0,1,0,1,0,0,0,0,0,0,0,0,1,0,0,345,5,
8992,0,1,0,0,0,0,0,0,1,0,1,0,0,0,0,0,0,0,0,705,5,
2777,0,0,0,0,0,0,0,1,1,0,0,0,0,0,0,0,0,1,0,382,5,
9074,1,0,0,0,0,0,0,1,0,0,1,0,0,0,0,0,0,0,0,707,5,
15368,1,0,0,0,0,1,0,1,0,0,0,0,0,0,1,0,1,0,0,936,5,
1745,1,0,0,0,0,1,0,0,0,0,1,0,0,0,0,0,0,0,0,309,5,
9140,0,1,1,0,0,0,0,0,0,0,0,0,0,0,0,1,0,0,0,708,5,
2653,0,0,0,1,0,0,0,0,0,0,0,0,0,1,0,0,0,0,0,370,5,
5137,0,0,0,0,0,0,0,1,0,0,0,0,0,0,0,0,1,0,1,536,4,
3563,1,1,0,0,0,0,0,0,0,0,0,0,0,0,1,0,0,1,0,439,4,
1344,0,0,1,1,1,0,0,0,0,0,0,0,0,0,1,0,0,0,0,260,4,
20928,1,1,0,0,0,0,0,0,0,0,0,0,0,0,1,0,0,0,1,1073,4,
4590,0,0,0,0,0,0,0,0,1,0,0,0,0,0,0,0,1,0,0,494,4,
20212,0,0,0,0,0,1,0,0,0,0,0,0,0,0,0,1,1,0,0,1059,4,
464,1,1,1,1,0,0,0,0,0,0,0,0,0,0,0,1,0,0,0,139,4,
8141,0,0,0,1,0,0,0,0,0,0,0,0,1,0,0,0,0,0,0,674,4,
10828,0,1,0,1,0,0,0,0,1,0,0,0,0,0,1,0,0,0,0,767,4,
18058,1,1,0,0,0,0,0,0,0,0,0,0,0,1,0,0,1,0,0,1006,4,
10900,1,1,0,0,0,1,0,1,0,0,0,0,0,1,0,0,1,0,0,768,4,
3684,1,1,0,0,1,0,0,0,0,0,0,0,0,0,0,0,0,1,0,447,4,
3702,0,0,1,1,1,0,0,0,0,0,0,0,0,1,0,0,0,0,0,448,4,
130,1,0,1,1,1,0,0,0,0,0,0,0,0,0,0,0,0,0,0,48,4,
1307,1,1,0,0,1,0,0,0,0,0,0,0,0,0,0,0,0,0,1,254,4,
1136,1,1,0,0,1,0,0,1,0,0,0,0,0,0,0,0,0,0,0,234,4,
1071,0,1,1,1,1,0,0,0,0,0,0,0,0,0,0,1,0,0,0,224,4,
4218,1,0,0,0,1,0,0,0,0,0,1,0,0,0,0,0,1,0,0,472,4,
15805,0,0,0,0,0,0,0,1,1,0,0,0,1,0,1,0,0,0,0,945,4,
1070,0,0,0,1,1,0,0,0,1,0,0,0,1,0,0,0,0,0,0,223,4,
15873,0,1,0,0,0,0,0,0,1,0,0,1,0,0,0,0,0,0,0,946,4,
4083,0,0,0,0,0,1,0,0,0,1,0,0,0,1,0,0,0,0,0,467,4,
18438,1,1,0,0,0,0,0,1,0,0,0,0,0,0,0,0,1,1,0,1017,4,
11342,0,0,0,0,0,0,1,1,0,0,0,0,1,0,0,0,0,0,0,795,4,
1267,0,0,0,0,0,1,0,1,0,0,0,0,0,0,0,0,0,0,1,251,4,
2465,1,1,0,0,0,0,0,0,1,0,1,0,0,0,0,0,0,0,0,361,4,
3845,1,1,1,1,0,0,0,0,1,0,0,0,0,0,0,1,0,0,0,458,4,
8538,0,0,0,0,0,0,0,0,0,0,0,0,0,0,0,0,1,0,1,689,4,
4443,0,1,0,0,0,0,0,0,0,0,0,0,0,0,1,0,0,1,0,487,4,
2447,0,0,0,0,0,1,0,0,0,1,0,0,0,1,0,0,1,0,0,358,4,
17255,1,0,1,1,0,0,0,0,0,0,0,0,0,0,0,0,0,0,0,981,4,
50,1,0,0,0,0,1,0,0,0,0,0,0,0,1,1,0,1,0,0,25,4,
11552,0,0,0,0,0,1,0,0,0,0,0,0,0,0,0,0,0,0,1,806,4,
4925,0,1,0,0,1,0,0,0,0,0,0,0,0,0,0,0,0,1,0,518,4,
25633,0,0,0,0,0,0,0,1,1,0,0,0,1,0,0,0,0,0,0,1199,4,
6510,1,0,0,0,1,0,0,0,0,0,0,0,0,0,1,0,0,0,1,611,4,
14953,0,1,1,1,1,0,0,0,0,0,0,1,0,0,0,0,0,0,0,926,4,
7091,1,1,0,0,0,0,0,1,0,0,0,0,0,0,1,0,0,0,1,637,4,
11896,0,1,0,0,0,1,0,1,0,0,0,0,0,0,0,0,1,0,0,822,4,
3003,1,1,1,1,1,0,0,0,0,0,0,0,0,0,0,1,0,0,0,398,4,
3007,1,1,1,0,1,0,0,0,0,0,0,0,0,0,0,0,0,0,0,399,4,
9959,0,0,0,0,0,0,1,1,0,0,0,0,0,0,0,0,0,1,0,738,4,
23280,1,0,0,0,1,0,0,0,0,0,0,0,0,0,1,0,1,0,0,1137,4,
16808,0,1,0,0,0,1,0,0,0,0,0,0,0,1,0,0,0,0,0,966,4,
7676,0,0,1,1,1,0,0,0,0,0,0,0,1,0,0,0,0,0,0,662,4,
11624,0,1,0,0,1,0,0,0,1,0,0,0,0,0,0,1,0,0,0,812,4,
8179,0,0,0,1,0,0,0,0,1,0,0,0,0,0,0,1,0,0,0,675,4,
4789,1,0,0,0,0,0,0,0,0,0,0,0,0,1,0,1,1,0,0,504,4,
1106,0,0,1,0,0,0,0,0,1,0,0,0,0,1,0,0,0,0,0,230,4,
5099,1,1,0,0,0,0,0,0,0,0,1,0,0,0,0,1,1,0,0,532,4,
1414,1,0,0,0,0,0,0,0,0,0,0,0,0,1,0,1,0,0,0,269,4,
4755,0,1,0,0,0,1,0,0,0,0,0,0,0,0,0,0,0,0,0,503,4,
22368,0,0,0,0,1,0,0,0,0,0,0,0,0,1,1,0,0,0,0,1114,4,
14019,0,1,0,0,1,0,0,1,0,0,0,0,0,0,1,0,0,0,0,894,4,
4702,1,0,0,0,0,1,0,0,0,0,0,0,0,0,0,1,1,0,0,498,4,
893,0,0,0,0,1,0,0,1,1,0,0,0,0,0,0,1,0,0,0,199,4,
20288,0,0,0,0,0,0,0,1,0,0,1,0,0,0,0,0,0,1,0,1061,4,
8769,0,0,0,0,1,0,0,1,0,0,0,0,0,0,1,1,0,0,0,699,4,
6473,1,0,1,0,0,0,0,1,0,0,0,0,0,0,0,0,0,0,0,609,4,
10235,1,1,0,0,0,0,0,0,1,0,0,1,0,0,0,0,0,0,0,749,4,
8501,0,0,0,0,0,0,0,1,1,0,1,0,0,1,0,0,0,0,0,686,3,
5504,0,0,1,1,0,0,0,0,1,0,0,0,0,0,0,1,0,0,0,554,3,
4952,1,0,0,0,1,1,0,0,0,0,0,0,0,0,1,0,0,0,0,521,3,
5451,0,1,0,0,0,0,0,0,0,0,0,0,0,1,0,1,1,0,0,551,3,
882,0,0,0,0,1,0,0,1,1,0,0,0,0,1,0,0,0,0,0,196,3,
4967,0,0,0,0,0,0,0,0,1,0,1,0,0,0,1,0,0,0,0,522,3,
4,0,0,0,0,1,0,0,1,0,0,1,0,0,0,0,0,1,0,0,3,3,
25519,1,0,1,0,0,0,0,1,0,0,0,0,0,0,0,0,0,1,0,1194,3,
21437,0,0,0,0,1,0,0,0,1,0,1,0,0,0,0,1,0,0,0,1087,3,
909,1,0,0,0,0,0,0,0,1,0,0,0,0,0,0,0,1,0,0,204,3,
5061,0,0,0,0,0,0,0,1,0,0,0,0,0,0,0,0,0,1,1,527,3,
11599,0,0,1,0,0,0,0,1,0,0,0,0,0,0,1,1,0,0,0,810,3,
5299,1,1,0,1,1,0,0,0,1,0,0,0,0,0,0,0,0,0,0,542,3,
8301,0,1,0,1,1,0,0,0,0,0,0,0,0,0,0,1,0,0,0,678,3,
9370,1,0,0,0,1,0,1,0,0,0,0,0,0,0,0,0,0,0,0,719,3,
11295,0,0,0,0,0,0,0,1,0,1,0,0,0,1,0,0,1,0,0,789,3,
10598,0,1,0,0,1,0,0,0,1,0,0,0,0,0,1,0,0,0,0,760,3,
6270,0,0,1,1,0,0,0,0,1,0,0,0,0,0,1,0,0,0,0,599,3,
20281,0,1,0,1,0,0,0,0,0,0,0,0,0,0,1,0,0,0,0,1060,3,
29077,0,0,0,0,1,0,0,0,0,0,1,0,0,1,0,1,0,0,0,1258,3,
8880,0,0,0,0,1,1,0,0,0,0,1,0,0,0,0,0,1,0,0,703,3,
349,0,1,0,0,0,0,0,0,0,0,0,0,0,1,0,1,0,0,0,114,3,
10135,0,0,0,0,0,0,1,0,1,0,0,0,0,0,0,0,0,0,0,746,3,
6529,0,0,0,0,1,0,0,1,0,0,0,0,0,0,1,0,0,0,1,613,3,
6569,1,0,0,0,0,1,0,1,0,0,0,0,0,0,0,0,1,0,1,615,3,
7544,0,0,0,0,0,0,0,0,0,0,0,0,0,1,0,0,0,0,1,654,3,
6587,1,0,0,0,0,0,1,0,0,0,0,0,0,0,0,0,0,0,0,616,3,
10005,0,0,0,0,0,0,1,1,0,0,0,0,0,0,1,0,0,0,0,742,3,
6719,0,0,0,0,1,0,1,1,0,0,0,0,0,0,1,0,0,0,0,621,3,
330,1,1,0,0,0,1,0,1,0,0,0,0,0,0,1,0,0,0,0,108,3,
305,0,0,0,0,1,0,0,0,1,0,0,0,0,1,0,0,0,0,0,100,3,
6952,0,1,0,0,0,0,0,0,0,0,0,0,1,0,0,0,0,0,0,628,3,
19723,0,1,0,0,1,1,0,0,0,0,0,0,0,0,0,0,1,0,0,1046,3,
9385,0,0,0,0,1,0,0,1,0,0,0,0,0,1,0,0,1,0,0,720,3,
10421,1,0,0,1,0,0,0,1,0,0,0,0,0,0,0,0,0,0,0,753,3,
7677,1,1,0,0,1,0,0,1,0,0,0,0,0,0,0,0,0,1,0,663,3,
25734,0,0,0,0,1,0,0,1,1,0,1,0,0,0,0,0,0,0,0,1201,3,
140,1,0,0,0,1,0,0,1,0,0,0,0,0,0,0,0,0,0,1,50,3,
11281,0,0,1,0,0,0,0,1,0,0,1,0,0,0,0,0,0,0,0,787,3,
25940,1,0,0,0,1,0,0,0,0,0,1,0,0,0,0,1,1,0,0,1204,3,
5635,0,0,0,0,0,0,1,0,0,0,0,0,0,0,1,0,0,0,0,562,3,
5656,1,0,0,0,0,1,0,0,0,0,1,0,0,0,0,0,1,0,0,567,3,
701,0,0,1,0,0,0,0,0,0,0,0,0,0,0,1,0,0,0,0,178,3,
694,1,1,0,0,1,0,0,0,0,0,0,0,0,1,0,0,0,0,0,176,3,
11117,1,0,0,0,0,1,0,0,0,0,0,0,0,0,1,0,0,0,0,779,3,
667,0,1,1,1,1,0,0,0,1,0,0,1,0,0,0,0,0,0,0,174,3,
21129,0,0,0,1,1,0,0,0,1,0,0,0,0,0,0,1,0,0,0,1076,3,
8608,1,0,1,0,0,1,0,0,0,0,0,0,0,0,0,1,1,0,0,692,3,
128,0,1,0,0,0,0,0,0,0,0,0,0,0,1,0,0,1,0,0,47,3,
19017,0,0,0,0,0,0,0,0,0,0,1,0,0,0,1,1,0,0,0,1028,3,
289,0,0,0,0,0,0,0,1,1,0,0,0,0,1,1,0,1,0,0,95,3,
10976,1,0,1,0,0,0,0,1,0,0,0,0,0,0,0,1,0,0,0,772,3,
10933,0,0,0,0,0,0,0,0,0,0,1,0,1,0,0,0,0,0,0,771,3,
6020,0,0,0,0,0,0,0,0,0,0,0,0,0,0,0,0,0,1,1,587,3,
10772,0,1,0,1,0,0,0,1,0,0,0,0,0,0,1,0,0,0,0,765,3,
15464,1,0,0,0,1,0,0,0,0,0,0,0,0,0,0,0,0,1,0,939,3,
960,0,0,1,0,1,0,0,0,0,0,0,0,0,0,1,0,0,0,0,210,3,
11829,1,1,1,0,1,0,0,0,0,0,0,0,0,0,0,1,0,0,0,819,3,
21576,0,1,0,0,1,0,0,1,1,0,0,0,0,0,0,0,0,0,0,1092,3,
14763,1,0,1,0,0,0,0,0,1,0,1,0,0,0,0,0,0,0,0,922,3,
1243,0,1,0,0,0,0,0,0,0,0,0,0,0,0,0,0,0,1,1,249,3,
24403,1,0,0,0,0,0,0,0,1,0,0,0,0,0,1,0,0,0,0,1166,3,
13281,0,0,0,0,1,1,0,0,0,0,0,0,1,0,0,0,0,0,0,869,3,
16653,1,0,1,1,0,0,0,0,0,0,0,0,0,0,0,1,0,0,0,962,3,
14986,0,0,0,0,0,0,0,1,1,0,1,0,0,0,1,0,0,0,0,927,3,
13126,0,0,0,0,1,0,0,0,0,0,0,0,0,1,1,0,1,0,0,862,3,
13373,0,1,0,0,0,0,0,1,1,0,0,0,0,0,1,0,0,0,0,875,3,
4054,0,0,0,0,0,0,0,1,1,0,1,0,0,0,0,1,0,0,0,465,3,
1740,0,0,0,0,0,0,0,1,0,0,1,0,0,1,1,0,1,0,0,308,3,
2792,0,0,0,0,0,0,1,0,0,0,1,0,0,0,0,0,1,0,0,384,3,
1790,0,0,0,1,0,0,0,1,0,0,0,0,0,0,0,0,0,0,1,312,3,
17957,1,1,0,0,0,0,0,0,0,0,0,1,0,0,0,1,1,0,0,1003,3,
13013,0,0,0,1,1,0,0,0,0,0,1,0,0,0,0,0,0,0,0,853,3,
17264,0,0,1,0,0,0,0,1,0,0,0,0,0,0,0,1,0,0,0,983,3,
1313,0,0,0,1,0,0,0,1,1,0,0,0,0,0,1,0,0,0,0,256,3,
1840,1,0,1,1,0,1,0,0,0,0,0,0,0,0,0,0,0,0,0,317,3,
14272,1,1,0,0,1,0,0,0,0,0,0,0,0,0,0,0,1,0,0,902,3,
3146,1,1,0,0,0,0,0,0,1,0,0,0,0,0,1,0,0,0,0,412,3,
1563,0,0,0,0,1,1,0,1,0,0,1,0,0,0,0,0,0,0,0,287,3,
22448,0,1,0,0,1,1,0,0,0,0,0,0,0,0,1,0,0,0,0,1116,3,
23465,0,0,0,0,0,1,0,1,0,0,0,0,0,0,0,0,1,1,0,1145,3,
14481,0,1,1,0,0,0,0,1,0,0,0,0,0,0,0,0,0,0,0,909,3,
1533,0,0,0,0,0,1,0,0,0,0,0,0,0,1,1,0,1,0,0,283,3,
16945,1,0,0,0,0,1,0,1,0,0,0,0,0,0,1,0,0,0,0,973,3,
13581,0,0,1,0,1,0,0,1,0,0,0,0,0,0,1,0,0,0,0,881,3,
22290,0,0,0,0,0,0,0,0,0,0,0,0,0,0,0,1,0,0,1,1111,3,
14235,0,0,0,0,1,0,0,0,0,0,1,0,0,0,1,0,1,0,0,901,3,
14637,1,1,0,0,0,1,0,0,0,0,0,0,0,1,0,0,1,0,0,913,3,
14697,1,0,0,0,0,0,0,1,0,0,1,0,0,0,0,1,1,0,0,917,3,
24144,1,0,0,0,0,0,0,0,0,0,0,0,0,0,0,1,0,1,0,1158,3,
13599,1,0,0,0,1,0,0,0,0,0,0,0,1,0,0,0,0,0,0,883,3,
1831,0,1,0,0,1,1,0,1,0,0,0,0,0,0,0,0,0,0,0,316,3,
23423,0,1,0,1,0,0,0,0,0,0,0,0,0,1,0,0,0,0,0,1143,3,
2543,0,0,1,0,0,0,0,1,0,0,0,0,0,0,0,0,0,1,0,366,3,
12109,0,0,0,0,1,0,0,0,0,0,0,0,1,0,0,1,0,0,0,826,3,
8435,0,0,1,0,1,0,0,1,1,0,0,0,0,0,0,0,0,0,0,684,3,
24941,0,0,0,0,1,0,0,1,0,0,1,0,0,0,0,1,1,0,0,1177,3,
12639,1,0,0,0,0,0,0,0,1,0,0,0,0,0,0,1,1,0,0,841,3,
2617,0,0,0,0,0,0,0,0,1,0,1,0,0,0,0,1,1,0,0,368,3,
4693,0,0,0,0,0,0,0,1,0,0,0,0,0,1,0,0,0,0,1,497,3,
1024,0,0,0,0,1,0,0,0,0,0,1,0,1,0,0,0,0,0,0,218,3,
12170,0,0,0,0,0,1,1,1,0,0,0,0,0,0,0,0,0,0,0,828,3,
12168,0,1,0,0,0,0,0,1,0,0,0,0,0,0,1,0,0,0,1,827,3,
4747,0,1,0,0,0,0,0,1,0,0,0,1,0,0,0,0,0,0,0,502,3,
4885,0,1,1,1,0,0,0,1,0,0,0,0,0,0,0,0,0,0,0,511,3,
4896,0,0,1,0,0,0,0,0,0,0,1,0,0,0,0,0,0,0,0,513,3,
2379,0,1,1,1,0,0,0,1,1,0,0,0,0,0,0,0,0,0,0,350,3,
15059,0,0,0,0,0,1,0,0,0,0,0,0,0,0,0,1,0,0,0,929,3,
15098,1,1,0,0,0,0,0,0,1,0,0,0,0,1,0,0,0,0,0,930,3,
2383,0,0,0,0,0,0,0,0,0,0,1,0,0,0,0,0,0,1,0,351,3,
1904,0,0,0,0,0,0,0,0,0,0,1,0,0,0,0,0,1,1,0,321,3,
9833,1,0,0,0,1,1,0,0,0,0,0,0,0,1,0,0,0,0,0,735,2,
27330,0,0,0,0,1,0,0,1,1,0,0,0,0,0,1,0,1,0,0,1232,2,
26722,0,0,0,0,0,1,0,1,0,1,0,0,0,1,0,0,1,0,0,1222,2,
19424,0,0,0,0,0,0,0,0,0,0,1,1,0,0,0,0,0,0,0,1035,2,
15601,0,0,0,0,1,1,0,1,0,0,0,0,1,0,0,0,0,0,0,942,2,
15376,0,0,0,0,0,0,0,1,1,0,1,0,0,0,0,0,1,0,0,937,2,
23212,0,0,0,0,0,0,0,0,0,0,0,0,0,1,0,0,1,1,0,1135,2,
16735,0,0,0,1,0,0,0,0,0,0,0,0,1,0,1,0,0,0,0,964,2,
14710,0,0,0,0,0,0,0,0,1,0,0,0,0,1,0,0,0,0,0,918,2,
20091,0,1,0,0,0,0,0,0,1,0,0,0,1,0,1,0,0,0,0,1054,2,
9969,1,0,0,0,0,1,0,1,0,0,0,1,0,0,0,0,0,0,0,739,2,
8536,1,0,0,0,0,0,0,0,1,0,0,0,0,0,0,0,0,0,1,687,2,
23360,0,0,0,0,1,1,0,1,0,0,0,0,0,1,1,0,0,0,0,1141,2,
20831,0,1,0,0,1,1,0,1,0,0,0,0,0,1,0,0,1,0,0,1071,2,
22775,0,1,0,0,0,0,0,1,0,0,0,0,0,0,0,0,1,1,0,1128,2,
9713,0,1,1,1,1,0,0,0,0,0,0,0,1,0,0,0,0,0,0,728,2,
16262,0,0,1,1,1,0,0,1,0,0,0,0,0,0,0,0,0,0,0,956,2,
15777,0,1,0,1,0,0,0,1,0,0,0,0,0,0,0,1,0,0,0,944,2,
9312,1,1,0,1,0,0,0,0,1,0,0,0,0,0,0,0,0,0,0,717,2,
8895,0,1,1,1,0,0,0,0,1,0,0,0,1,0,0,0,0,0,0,704,2,
16519,0,0,1,1,0,0,0,0,1,0,0,0,0,1,0,0,0,0,0,959,2,
15150,0,1,1,1,0,0,0,0,0,0,0,0,0,0,0,1,0,0,0,932,2,
19756,0,1,0,0,0,0,0,0,0,0,0,0,0,0,1,0,1,0,0,1047,2,
9156,0,1,1,1,0,0,0,0,1,0,0,1,0,0,0,0,0,0,0,710,2,
9179,0,1,0,0,0,0,0,1,0,0,1,0,0,0,0,0,1,0,0,712,2,
27502,0,1,0,0,0,0,0,1,0,0,0,0,0,0,0,0,0,1,1,1237,2,
22489,0,0,0,0,1,0,0,1,0,0,0,0,0,1,0,1,0,0,0,1118,2,
10114,1,0,0,0,0,0,0,0,0,0,0,0,0,0,1,0,0,1,1,744,2,
16208,0,0,0,1,1,0,0,1,0,0,0,0,1,0,1,0,0,0,0,955,2,
8750,0,0,0,1,1,0,0,0,0,0,0,0,0,0,0,0,0,0,1,698,2,
22682,0,0,0,1,1,0,0,1,0,0,0,0,1,0,0,0,0,0,0,1124,2,
15876,0,0,0,1,1,1,0,1,0,0,0,0,0,0,0,0,0,0,0,947,2,
19605,0,0,1,0,0,0,0,0,1,0,1,0,0,0,0,0,0,0,0,1043,2,
15036,1,0,1,0,0,0,0,0,1,0,0,0,0,0,0,1,0,0,0,928,2,
19538,1,0,0,0,0,0,0,0,0,0,0,0,0,0,0,0,0,1,1,1040,2,
20033,0,0,0,0,0,0,0,0,0,0,0,0,1,0,1,0,0,1,0,1052,2,
19452,0,1,0,0,1,0,0,0,0,0,0,0,0,0,1,0,0,1,0,1038,2,
16713,1,1,1,0,0,0,0,1,0,0,0,0,0,0,0,1,0,1,0,963,2,
15992,0,1,1,0,0,0,0,1,0,0,0,0,0,0,0,1,0,1,0,950,2,
9415,0,0,0,0,1,0,0,0,1,0,0,0,0,0,1,1,0,0,0,721,2,
9654,0,0,0,0,0,1,0,0,1,0,0,0,0,0,0,0,0,0,0,725,2,
14798,1,0,0,0,0,0,0,0,0,0,1,0,0,1,0,1,0,0,0,923,2,
8826,1,1,0,0,0,0,0,1,1,0,0,1,0,1,0,0,0,0,0,701,2,
19675,1,0,0,1,0,0,0,0,1,0,0,0,0,0,0,0,0,0,0,1044,2,
10259,0,0,0,0,1,1,0,1,0,0,0,0,0,0,0,0,0,0,1,750,2,
16821,0,0,0,0,0,0,0,0,0,1,0,0,0,1,0,0,1,0,0,968,2,
13082,0,0,0,0,1,0,0,0,0,0,0,0,0,0,1,1,1,0,0,859,2,
17875,0,0,0,0,0,0,0,1,1,0,0,0,0,1,0,0,1,0,0,1000,2,
13053,1,1,0,0,0,0,0,1,0,0,0,0,0,1,0,0,1,0,0,855,2,
17881,1,0,0,0,0,0,1,1,0,0,0,0,0,0,0,0,0,0,0,1001,2,
13034,0,0,0,0,0,0,0,0,0,0,1,0,0,0,0,0,1,0,1,854,2,
12950,0,1,0,1,0,0,0,0,0,0,0,0,0,0,0,1,1,0,0,851,2,
21283,1,1,1,1,0,0,0,0,1,0,0,0,0,0,0,0,0,0,0,1081,2,
11316,0,0,0,0,0,0,0,0,0,1,1,0,0,0,0,0,1,0,0,793,2,
12909,0,0,0,0,1,0,0,1,1,0,0,0,0,1,1,0,0,0,0,850,2,
12879,0,0,0,1,1,0,0,1,1,0,0,0,0,0,0,1,0,0,0,849,2,
12826,1,0,0,0,0,0,0,0,0,0,0,1,0,0,0,1,0,0,0,848,2,
11382,0,1,0,0,0,0,0,0,0,0,1,0,0,1,0,0,1,0,0,797,2,
11388,1,0,0,0,1,0,0,1,0,0,0,0,0,0,0,0,0,1,0,798,2,
11459,0,0,1,0,1,0,0,0,0,0,1,0,0,0,0,1,0,0,0,800,2,
18416,0,0,0,0,1,0,0,0,1,0,1,0,0,0,0,0,1,0,0,1016,2,
12815,0,0,0,1,1,0,0,0,0,0,0,0,0,1,0,0,0,0,0,847,2,
11533,0,0,0,0,0,0,0,0,0,0,0,0,1,0,0,0,0,0,1,802,2,
12689,0,0,0,1,0,0,0,0,1,0,0,0,1,0,0,0,0,0,0,843,2,
11551,1,1,0,0,0,0,0,0,0,0,0,1,0,0,0,0,1,0,0,805,2,
25490,1,1,0,0,1,0,0,1,0,0,0,0,0,0,0,0,1,0,0,1190,2,
12477,0,1,1,1,1,0,0,0,0,0,0,0,0,0,1,0,0,0,0,837,2,
12383,0,0,1,0,0,0,0,1,1,0,0,0,0,0,1,0,0,0,0,836,2,
11593,0,0,0,0,0,0,0,1,0,1,0,0,0,1,1,0,0,0,0,809,2,
12364,0,0,0,0,1,0,0,0,1,0,0,0,1,0,1,0,0,0,0,835,2,
12360,1,1,0,0,1,0,0,1,0,0,0,0,0,0,1,0,0,0,0,834,2,
18371,0,0,0,0,0,0,0,1,0,0,0,1,0,0,0,0,0,0,0,1015,2,
21300,0,0,1,1,0,0,0,0,0,0,0,0,1,0,1,0,0,0,0,1082,2,
11717,1,1,1,1,1,0,0,0,1,0,0,0,0,0,0,0,0,0,0,814,2,
11914,0,1,0,0,1,0,0,0,0,0,0,0,0,1,0,0,0,0,0,823,2,
22809,1,1,0,1,1,0,0,0,0,0,0,0,0,0,0,1,0,0,0,1129,2,
11147,1,1,0,0,1,0,0,0,0,0,0,0,0,0,0,1,1,0,0,783,2,
21233,0,0,0,0,0,0,0,0,1,0,0,0,0,1,0,1,0,0,0,1079,2,
10131,0,0,0,0,0,0,0,0,1,0,0,0,1,0,0,0,0,0,0,745,2,
13093,1,0,0,0,1,1,0,0,1,0,0,0,0,0,0,0,0,0,0,860,2,
14296,0,0,0,0,0,0,0,1,0,1,0,0,0,0,1,0,0,0,0,906,2,
14295,0,0,0,0,1,1,0,1,0,0,0,0,1,0,1,0,0,0,0,905,2,
23562,0,1,1,0,0,0,0,1,1,0,0,0,0,0,0,1,0,0,0,1146,2,
22182,0,0,1,0,0,0,0,0,0,0,1,0,0,0,0,1,0,0,0,1109,2,
17071,0,1,0,1,0,0,1,0,0,0,0,0,0,0,0,0,0,0,0,979,2,
11873,1,0,0,1,0,0,0,0,0,0,0,0,0,0,0,0,1,0,0,821,2,
23665,0,0,0,1,1,0,0,0,0,0,0,0,1,0,1,0,0,0,0,1148,2,
26631,1,1,1,1,1,0,0,0,0,0,0,1,0,0,0,0,0,0,0,1221,2,
23742,0,0,0,0,0,0,0,0,0,0,0,0,0,1,1,0,0,0,1,1150,2,
26566,0,1,0,1,0,0,0,1,0,0,0,0,0,0,0,0,0,0,1,1219,2,
13839,0,0,0,1,0,1,0,1,0,0,0,0,0,0,0,0,0,0,0,889,2,
10682,1,0,0,0,0,1,0,1,0,0,0,0,0,0,0,1,0,0,0,763,2,
17257,1,1,0,0,1,0,0,0,1,0,0,0,0,0,1,0,0,0,0,982,2,
13492,0,0,0,0,0,0,0,0,1,0,0,0,0,0,1,1,0,0,0,877,2,
24295,1,0,0,0,0,1,0,1,0,0,0,0,0,1,0,0,0,0,0,1163,2,
24311,0,0,0,0,0,0,0,0,0,0,0,0,1,0,0,1,0,0,0,1165,2,
11013,1,0,0,1,1,1,0,1,0,0,0,0,0,0,1,0,0,0,0,774,2,
19124,0,1,1,1,0,0,0,0,0,0,0,0,0,0,1,0,0,0,0,1029,2,
18824,0,0,0,0,0,0,0,0,1,0,0,0,0,0,1,0,1,0,0,1027,2,
11021,0,0,0,0,0,0,0,0,1,0,0,0,0,0,0,1,1,0,0,775,2,
11083,0,1,0,1,0,0,1,1,0,0,0,0,0,0,0,0,0,0,0,777,2,
17425,0,0,0,0,0,1,0,1,0,1,0,0,0,1,1,0,0,0,0,986,2,
13272,0,0,1,1,0,0,0,0,0,0,0,0,0,0,0,1,0,0,0,867,2,
17466,1,0,0,0,0,1,0,0,1,0,0,0,0,0,0,0,0,0,0,987,2,
21734,1,0,0,0,0,1,0,1,0,0,0,0,0,0,0,0,0,1,0,1096,2,
13148,0,1,0,0,0,0,0,1,0,0,1,0,0,1,0,0,0,0,0,863,2,
13108,0,1,0,1,0,0,0,0,1,0,0,0,1,0,0,0,0,0,0,861,2,
18534,0,0,1,0,0,0,0,0,0,0,0,0,0,0,0,0,1,0,0,1021,2,
11128,0,0,1,0,1,0,0,0,0,0,0,0,0,0,0,0,0,1,0,780,2,
8482,1,1,0,0,0,0,0,1,0,0,0,0,0,1,0,0,0,0,0,685,2,
5062,0,1,0,0,0,0,0,1,0,0,0,0,0,0,0,1,1,0,0,528,2,
20110,1,1,0,0,0,0,0,1,0,0,0,0,1,0,1,0,1,1,0,1055,2,
29518,1,0,0,0,1,1,0,1,0,0,0,0,0,0,1,0,1,0,0,1273,2,
1053,0,0,0,0,0,0,0,1,1,0,0,0,0,0,1,0,1,0,0,221,2,
5350,0,0,0,0,0,0,0,1,0,0,0,0,0,0,1,1,1,0,0,544,2,
6197,0,0,0,1,0,0,0,0,0,0,1,0,0,0,0,0,0,0,0,596,2,
918,0,0,0,1,0,0,0,0,1,0,0,0,0,0,1,0,0,0,0,205,2,
4892,1,1,0,0,1,1,0,1,0,0,0,0,0,0,0,0,1,0,0,512,2,
1541,1,0,0,0,0,0,0,1,0,0,0,0,0,0,1,1,0,0,0,285,2,
2086,1,1,0,0,1,0,0,0,1,0,0,0,0,0,0,1,0,0,0,330,2,
6296,1,1,0,0,0,0,0,0,0,0,0,0,0,0,1,0,1,0,0,601,2,
6437,0,1,0,0,0,1,0,1,0,0,0,0,0,0,1,0,1,0,0,606,2,
6459,0,0,0,0,0,1,0,1,0,0,0,0,1,0,1,0,0,0,0,608,2,
6563,0,1,1,1,0,0,0,0,0,0,0,0,0,1,0,0,0,0,0,614,2,
739,0,1,1,0,1,0,0,0,0,0,0,0,0,0,0,1,0,0,0,186,2,
6610,1,0,0,0,0,0,0,1,0,0,0,0,0,1,0,1,1,0,0,617,2,
3789,1,0,0,0,0,1,0,0,0,0,0,0,0,1,0,1,1,0,0,455,2,
907,0,1,0,0,0,0,0,1,0,0,0,0,0,0,1,1,0,0,0,203,2,
8411,1,0,0,0,0,1,0,0,0,0,0,1,0,0,0,0,1,0,0,682,2,
1574,1,0,1,0,0,0,0,0,0,0,1,0,0,1,0,0,0,0,0,288,2,
6744,1,0,1,0,0,1,0,0,0,0,0,0,0,0,0,0,1,0,0,624,2,
6860,1,0,1,0,1,0,0,0,0,0,1,0,0,0,0,0,0,0,0,626,2,
827,0,1,0,0,0,0,0,0,1,0,0,0,0,0,0,0,1,0,0,192,2,
5244,1,1,0,0,0,0,0,1,0,0,1,0,0,0,0,0,1,0,0,540,2,
6953,0,1,0,0,0,0,1,0,0,0,0,1,0,0,0,0,0,0,0,629,2,
2130,0,1,1,1,1,0,0,0,1,0,0,0,0,0,1,0,0,0,0,333,2,
6150,0,1,0,1,1,0,0,0,1,0,0,0,1,0,0,0,0,0,0,594,2,
1087,0,0,0,0,0,1,0,0,1,0,0,0,0,1,0,0,0,0,0,228,2,
4089,0,1,0,0,0,0,0,1,0,0,1,0,0,1,0,0,1,0,0,468,2,
5617,1,0,1,0,0,0,0,0,0,0,1,0,0,0,0,1,0,0,0,560,2,
34950,0,0,0,0,0,0,1,1,0,0,0,0,0,0,0,1,0,0,0,1357,2,
5599,0,0,1,0,1,0,0,0,0,0,0,0,0,1,0,0,0,0,0,559,2,
2413,0,0,0,0,0,0,0,1,0,0,0,0,0,0,0,1,0,1,0,353,2,
5593,0,1,0,0,0,1,0,0,0,0,1,0,0,0,0,0,0,0,0,558,2,
32191,0,0,0,0,0,0,1,0,0,0,0,0,0,0,0,0,0,0,1,1310,2,
4380,1,0,0,0,0,0,0,1,0,0,0,0,0,0,0,0,0,1,1,483,2,
4536,0,1,0,0,1,0,0,0,0,0,0,0,0,1,1,0,0,0,0,492,2,
5546,0,0,0,0,0,1,0,1,0,0,0,0,0,1,0,0,1,1,0,556,2,
5925,0,1,1,0,0,0,0,0,0,0,0,0,0,0,1,0,0,0,0,582,2,
2258,0,0,1,0,0,0,0,0,1,0,1,0,0,0,0,1,0,0,0,342,2,
4300,0,1,0,1,0,0,0,0,0,0,0,0,1,0,0,0,0,0,0,478,2,
1509,0,1,0,0,1,0,0,0,1,0,1,0,0,0,0,0,0,0,0,277,2,
5404,0,1,0,0,1,0,0,0,0,0,0,0,1,0,1,0,0,0,0,549,2,
2857,1,1,0,0,0,0,0,0,0,0,1,0,0,0,0,0,1,0,0,389,2,
2254,0,0,1,0,0,0,0,0,1,0,0,0,0,0,0,0,1,0,0,341,2,
6018,1,1,0,0,0,0,0,1,0,0,0,1,0,0,0,0,1,0,0,586,2,
1524,1,0,0,0,0,1,0,1,0,0,0,0,0,0,0,1,1,0,0,281,2,
1160,1,0,0,0,0,0,0,1,1,0,0,0,0,0,0,0,0,1,0,238,2,
1127,1,0,0,0,0,1,0,1,0,0,0,0,0,0,0,0,0,0,1,232,2,
5371,0,1,0,1,0,0,0,1,1,0,0,0,0,0,0,0,0,0,0,547,2,
2322,0,0,0,0,0,0,0,1,0,0,1,0,0,1,1,0,0,0,0,346,2,
1626,0,0,1,0,0,0,0,1,0,0,0,0,0,1,0,1,1,0,0,294,2,
1659,0,0,1,0,1,0,1,0,0,0,0,0,0,0,0,0,0,0,0,297,2,
3447,1,0,0,0,0,0,0,1,0,0,1,0,0,1,0,0,0,0,0,433,2,
7460,1,1,0,0,0,0,0,0,0,0,0,1,0,0,0,0,0,0,0,652,2,
279,0,0,0,0,1,0,0,0,0,0,0,0,0,1,0,1,0,0,0,94,2,
29162,0,0,0,0,1,0,0,0,0,0,0,0,1,0,1,0,0,0,1,1261,2,
3414,0,0,0,0,0,0,1,0,0,0,0,1,1,0,0,0,0,0,0,432,2,
3411,0,0,1,1,1,0,0,0,0,0,0,0,0,0,0,1,0,0,0,431,2,
7567,0,0,0,1,0,0,0,1,0,0,0,0,0,0,0,0,0,1,0,657,2,
7611,1,1,0,0,0,0,0,0,0,0,0,0,0,0,0,1,0,0,1,659,2,
247,0,1,0,0,0,0,0,0,0,0,0,0,0,0,0,0,1,1,0,86,2,
246,0,0,1,0,1,0,0,0,1,0,0,0,1,0,1,0,0,0,0,85,2,
3216,0,0,0,0,0,1,0,0,0,0,0,0,0,0,0,0,1,0,1,417,2,
28699,1,0,0,0,0,0,0,1,0,0,0,0,0,0,0,0,1,0,1,1255,2,
231,1,0,0,0,0,1,0,1,0,0,1,0,0,0,0,0,0,0,0,79,2,
4845,1,1,0,0,0,0,0,0,0,0,0,0,0,0,0,1,1,1,0,508,2,
28446,1,0,0,0,0,0,0,1,0,0,0,1,0,0,0,0,1,0,0,1253,2,
31616,0,0,0,0,0,0,0,1,1,0,0,0,0,0,0,1,1,0,0,1304,2,
28251,0,1,1,0,0,0,0,0,1,0,0,0,0,0,1,0,0,0,0,1251,2,
199,0,1,1,1,1,0,0,1,1,0,0,0,0,0,0,0,0,0,0,67,2,
156,1,1,0,0,1,0,0,0,1,0,1,0,0,0,0,0,1,0,0,54,2,
3389,0,1,0,0,0,0,0,1,0,0,0,0,0,0,1,0,1,0,0,430,2,
8215,1,1,0,0,1,0,0,0,0,0,1,0,0,0,0,1,1,0,0,677,2,
39,1,0,1,0,1,1,0,1,0,0,0,0,0,1,1,0,1,0,0,21,2,
3045,0,0,0,0,0,1,0,1,0,1,0,0,0,0,1,0,1,0,0,404,2,
4809,0,1,0,0,0,0,0,1,0,0,1,0,0,0,0,1,0,0,0,506,2,
7082,0,0,0,0,1,0,0,1,1,0,0,0,0,0,0,0,1,0,0,636,2,
7100,0,1,0,0,0,0,0,0,0,0,0,0,0,1,0,0,0,0,0,638,2,
5122,0,0,0,0,0,0,0,0,1,0,0,0,1,0,1,0,0,0,0,534,2,
584,0,0,1,0,0,0,0,0,0,0,0,0,0,0,1,1,0,0,0,165,2,
7018,0,0,1,0,0,0,0,0,1,0,1,0,0,1,0,0,0,0,0,632,2,
3072,0,1,1,1,1,0,0,0,1,0,0,0,0,0,0,1,0,0,0,405,2,
7026,0,0,0,0,0,1,1,0,0,0,0,0,0,1,0,0,0,0,0,634,2,
3586,1,1,0,0,1,1,0,1,0,0,0,0,0,0,0,0,0,0,0,442,2,
3567,1,0,0,0,0,0,0,0,0,0,0,0,0,0,0,0,1,0,1,440,2,
31097,0,0,0,0,1,0,0,0,0,0,0,0,0,0,0,0,0,1,1,1296,2,
514,1,1,0,0,0,0,0,0,1,0,0,0,0,0,0,0,1,0,0,150,2,
2077,1,0,0,0,0,0,0,1,0,0,0,1,0,0,0,0,0,1,0,327,2,
1365,0,1,0,0,1,1,0,1,0,0,0,0,0,0,1,0,0,0,0,263,2,
7170,1,1,0,0,1,0,0,0,0,0,0,0,0,0,1,0,0,1,0,642,2,
501,0,1,0,1,0,0,0,0,0,0,0,0,0,0,0,0,0,0,1,147,2,
3521,0,0,0,0,1,1,0,0,0,0,0,0,0,0,1,0,1,0,0,436,2,
7298,1,0,0,0,1,1,0,0,0,0,0,0,0,0,1,0,1,0,0,647,2,
1705,0,0,0,0,0,0,0,1,0,0,1,0,0,0,1,1,1,0,0,301,2,
299,0,0,0,1,0,0,0,1,0,0,0,0,0,0,0,0,1,0,0,98,2,
1719,0,0,1,1,0,0,0,0,0,0,0,0,0,0,1,0,0,0,0,303,2,
22739,1,0,0,0,1,0,0,1,0,0,1,0,0,0,0,0,1,0,0,1127,1,
35027,1,1,0,0,0,0,0,0,0,0,1,0,0,1,0,1,1,0,0,1358,1,
22729,0,1,0,0,0,0,1,1,0,0,0,0,0,0,0,0,0,1,0,1126,1,
22686,0,0,0,0,0,0,0,1,0,0,0,0,0,0,0,1,0,0,1,1125,1,
35042,0,1,0,0,0,0,0,1,0,0,0,0,0,1,0,0,0,0,0,1360,1,
35058,1,0,0,0,0,0,0,1,0,0,0,1,0,1,0,1,1,0,0,1361,1,
35028,1,0,0,0,0,0,0,0,0,0,1,0,0,1,0,0,1,0,0,1359,1,
34344,0,0,0,0,1,0,0,0,0,0,0,0,1,1,0,0,1,0,0,1345,1,
34940,1,0,1,0,0,1,0,0,0,0,1,0,0,0,0,1,0,0,0,1356,1,
23435,0,0,0,0,0,0,0,0,0,0,0,0,0,0,0,1,1,0,1,1144,1,
23295,1,1,1,0,0,0,0,0,0,0,1,0,0,0,0,1,0,0,0,1138,1,
23301,1,0,0,0,0,0,0,0,1,0,0,0,0,0,0,1,1,0,1,1139,1,
23308,0,0,0,1,0,0,0,0,1,0,0,0,0,1,0,0,0,0,0,1140,1,
23381,1,0,0,0,0,0,0,0,0,0,1,0,0,0,0,0,0,0,1,1142,1,
34000,1,0,0,0,0,0,0,1,1,0,1,0,0,0,0,0,0,0,0,1341,1,
33890,0,0,1,1,0,0,0,0,0,0,0,1,1,0,0,0,0,0,0,1340,1,
33843,1,1,1,1,1,0,0,0,0,0,0,0,0,0,1,0,0,0,0,1339,1,
34145,0,0,0,0,0,1,0,0,0,0,1,0,0,1,1,0,1,0,0,1343,1,
33704,0,0,0,1,1,0,0,0,1,0,1,0,0,0,0,0,0,0,0,1338,1,
33588,0,0,0,0,1,0,0,0,1,0,0,0,0,1,0,1,1,0,0,1337,1,
33406,0,0,0,0,1,0,0,1,0,0,1,0,0,0,1,0,0,0,0,1336,1,
33346,0,0,1,1,1,0,0,0,1,0,0,0,1,0,1,0,0,0,0,1335,1,
23612,0,0,1,1,0,0,0,0,1,0,0,1,1,0,1,0,0,0,0,1147,1,
33337,0,1,0,0,0,0,0,0,1,0,0,0,0,1,0,0,1,0,0,1334,1,
34093,1,1,0,0,1,1,0,1,0,0,0,0,0,0,1,0,1,0,0,1342,1,
34316,1,1,0,0,0,0,0,0,0,0,0,0,0,0,1,1,0,0,0,1344,1,
34880,1,0,1,0,0,1,0,0,0,0,0,0,0,1,0,0,0,0,0,1355,1,
34832,0,0,0,0,0,1,0,0,0,1,0,0,0,1,1,0,0,0,0,1352,1,
22818,1,1,0,0,0,1,0,1,0,0,0,0,0,0,0,1,0,0,0,1130,1,
22840,0,0,1,1,1,0,0,0,1,0,0,0,1,0,0,0,0,0,0,1131,1,
22851,1,0,0,0,0,1,0,0,0,1,0,0,0,0,0,0,0,0,0,1132,1,
34870,0,0,1,1,0,0,0,1,1,0,0,0,0,0,0,0,0,0,0,1354,1,
23047,1,0,1,0,0,0,0,0,1,0,1,0,0,0,0,1,1,0,0,1133,1,
34858,1,1,0,0,0,1,0,1,0,0,0,0,0,0,0,0,0,0,1,1353,1,
34798,0,1,1,1,0,0,0,0,0,0,0,0,1,0,1,0,0,0,0,1351,1,
23275,0,0,0,0,0,0,0,0,1,0,0,1,0,0,1,0,1,0,0,1136,1,
34742,1,0,1,0,0,0,0,0,0,0,1,0,0,0,0,1,1,0,0,1350,1,
23179,0,0,0,0,0,1,0,0,0,1,0,0,0,0,1,0,0,0,0,1134,1,
34651,1,1,1,0,1,0,0,1,1,0,0,0,0,0,1,0,0,0,0,1349,1,
34649,0,1,0,0,0,0,1,1,0,0,0,0,0,1,0,0,1,0,0,1348,1,
34548,1,1,0,1,0,0,0,0,0,0,0,0,0,0,1,0,0,0,0,1347,1,
34462,0,0,0,0,1,0,1,1,0,0,0,0,0,1,0,0,0,0,0,1346,1,
22663,0,0,0,0,0,1,0,1,1,0,0,0,0,0,1,0,1,0,0,1123,1,
35441,0,0,0,0,0,0,0,0,0,0,1,0,0,0,0,1,0,0,1,1368,1,
22567,0,0,1,0,0,1,0,1,0,0,0,0,0,0,0,0,0,0,0,1122,1,
36083,0,0,0,0,0,1,0,0,0,0,1,0,0,0,1,0,0,0,0,1380,1,
20968,1,0,0,1,1,0,0,0,0,0,0,0,0,1,0,0,0,0,0,1075,1,
21205,0,1,1,0,1,0,0,0,1,0,0,0,0,0,1,1,0,0,0,1077,1,
21206,1,1,1,0,1,0,0,0,1,0,0,0,0,0,0,0,0,0,0,1078,1,
36047,1,1,0,0,1,1,0,0,0,0,0,0,0,1,0,0,1,0,0,1379,1,
21269,1,0,0,0,0,0,0,0,1,0,0,0,0,0,0,1,1,1,0,1080,1,
36045,0,0,0,0,0,1,0,0,1,1,0,0,0,0,0,0,1,0,0,1378,1,
35988,1,0,1,1,1,0,0,0,0,0,0,1,0,0,0,1,0,0,0,1377,1,
35756,1,1,1,0,0,0,0,0,0,0,0,0,0,1,0,1,0,0,0,1376,1,
21314,1,0,0,0,0,0,0,0,0,0,0,0,0,0,0,1,0,0,1,1083,1,
21327,0,0,0,0,1,1,0,0,0,0,0,0,0,0,0,1,0,0,0,1084,1,
21329,0,0,0,1,0,0,0,0,1,0,1,0,0,0,1,0,0,0,0,1085,1,
21407,0,1,0,0,1,1,0,1,0,0,0,0,0,0,1,0,1,0,0,1086,1,
35592,1,0,0,0,1,0,0,0,0,0,0,0,0,0,0,1,0,0,1,1375,1,
21450,0,0,0,1,0,0,0,0,1,0,1,0,0,0,0,0,0,0,0,1088,1,
21498,1,0,0,0,1,0,0,0,0,0,1,0,0,0,1,0,0,0,0,1089,1,
20941,1,1,0,1,0,0,0,1,1,0,0,0,0,0,0,0,0,0,0,1074,1,
36142,1,0,0,0,0,0,0,1,1,0,0,0,0,0,0,0,1,0,0,1381,1,
35098,1,0,1,1,1,0,0,0,0,0,0,1,0,0,0,0,0,0,0,1362,1,
20840,1,0,0,0,0,0,0,0,1,0,0,0,0,0,1,0,1,0,0,1072,1,
20185,0,0,0,0,0,1,0,1,0,0,1,0,0,0,0,1,0,0,0,1058,1,
36499,1,1,0,0,1,0,0,0,1,0,0,0,0,1,0,0,0,0,0,1386,1,
36388,1,0,0,0,0,0,0,0,0,0,1,0,0,0,0,1,0,0,1,1385,1,
20324,1,0,1,0,0,0,0,0,1,0,0,0,0,0,0,1,1,0,0,1062,1,
36377,0,0,0,1,0,0,0,0,0,0,0,0,0,0,0,0,1,0,0,1384,1,
20333,1,0,0,0,0,0,0,0,0,0,1,1,0,0,0,1,1,0,0,1063,1,
20420,1,1,0,0,0,1,0,0,0,0,1,0,0,0,0,0,0,0,0,1064,1,
20492,0,0,0,0,0,0,0,0,0,1,0,0,0,0,0,0,1,1,0,1065,1,
20513,1,0,0,0,0,0,0,1,0,0,1,0,0,0,1,1,0,0,0,1066,1,
36305,1,0,0,0,0,0,0,1,0,0,0,0,0,0,1,0,1,1,0,1383,1,
20527,1,1,0,0,0,0,0,0,0,0,0,0,0,1,0,1,1,0,0,1067,1,
20534,0,1,0,0,0,0,0,1,0,0,0,0,0,0,1,0,0,1,1,1068,1,
20604,1,1,1,1,0,1,0,0,0,0,0,0,0,1,0,0,0,0,0,1069,1,
20622,1,1,0,0,0,0,0,1,0,0,1,0,0,0,0,1,0,0,0,1070,1,
36155,0,0,0,0,0,0,0,0,1,0,1,0,0,1,1,0,0,0,0,1382,1,
21516,0,0,1,0,0,1,0,0,1,0,0,0,0,1,0,1,0,0,0,1090,1,
21572,0,0,0,0,0,1,0,1,1,0,0,0,0,0,0,0,1,0,0,1091,1,
35580,0,0,0,1,1,0,0,1,1,0,0,0,0,0,1,1,0,0,0,1374,1,
21617,1,0,1,0,1,0,0,0,0,0,1,0,0,1,0,0,1,0,0,1093,1,
22000,0,0,0,0,0,0,0,1,1,0,1,0,0,0,0,0,1,1,0,1107,1,
22040,0,0,0,1,1,0,0,1,0,0,0,0,0,0,0,1,0,0,0,1108,1,
22274,0,0,0,0,1,0,0,1,0,0,0,0,0,0,0,0,0,1,1,1110,1,
35369,0,1,0,0,0,0,0,0,0,0,0,1,0,0,1,1,0,0,0,1367,1,
22306,1,0,0,1,0,0,0,0,1,0,0,0,1,0,0,0,0,0,0,1112,1,
22312,1,1,0,1,0,0,0,0,0,0,0,1,0,0,0,0,0,0,0,1113,1,
22396,0,0,0,0,1,0,1,0,0,0,1,0,0,0,0,0,0,0,0,1115,1,
22456,1,0,0,0,1,0,0,1,0,0,1,0,0,0,1,0,0,0,0,1117,1,
35337,0,0,1,0,1,0,0,0,0,0,1,0,1,0,0,0,0,0,0,1366,1,
35180,0,1,0,0,1,0,0,0,0,0,0,0,0,0,0,0,1,0,0,1365,1,
22497,0,1,0,0,0,1,0,1,0,0,0,0,0,0,1,0,0,0,0,1119,1,
35136,0,1,1,1,0,0,0,0,1,0,0,0,1,0,1,0,0,0,0,1364,1,
22503,0,1,1,0,0,1,0,0,0,0,0,0,0,0,0,0,0,0,0,1120,1,
22539,0,1,0,1,0,0,0,1,1,0,0,0,0,0,1,0,0,0,0,1121,1,
35134,0,1,0,1,0,0,0,1,0,0,0,0,0,0,0,0,0,1,0,1363,1,
33326,1,0,1,0,1,0,0,0,0,0,0,0,0,0,1,1,0,0,0,1333,1,
21996,0,0,1,0,0,0,0,0,0,0,0,0,0,1,0,1,0,0,0,1106,1,
35457,1,1,0,0,0,0,0,0,0,0,0,1,0,0,0,1,0,1,0,1369,1,
21877,0,0,1,0,0,0,0,0,0,0,0,1,0,0,0,1,0,0,0,1100,1,
21639,0,0,0,0,0,1,0,1,0,0,0,0,0,1,0,1,0,0,0,1094,1,
21666,1,1,0,0,1,1,0,0,1,0,0,0,0,0,0,0,0,0,0,1095,1,
35574,0,0,1,1,1,0,0,0,0,0,1,0,0,0,0,0,0,0,0,1373,1,
21735,1,0,1,0,0,0,0,0,0,0,0,0,0,1,0,0,0,0,0,1097,1,
21819,0,1,0,0,0,0,0,1,1,1,0,0,0,0,0,0,0,0,0,1098,1,
21870,0,1,0,0,1,1,0,1,1,0,0,0,0,1,0,1,1,0,0,1099,1,
21906,0,1,1,1,0,1,0,1,0,0,0,0,0,0,0,0,0,0,0,1101,1,
35489,1,0,0,1,0,0,0,1,0,0,0,0,0,0,1,0,0,0,0,1370,1,
21928,0,0,0,1,1,1,0,0,0,0,0,0,0,1,0,0,0,0,0,1102,1,
21929,0,0,0,0,0,0,0,0,0,0,1,0,0,0,0,1,1,1,0,1103,1,
35520,0,1,0,0,1,0,0,1,0,0,0,0,0,0,0,0,1,0,0,1372,1,
35499,0,1,0,0,0,0,0,0,0,0,0,0,0,1,1,0,1,0,0,1371,1,
21951,0,1,0,1,1,0,0,1,1,0,0,0,0,0,0,0,0,0,0,1104,1,
21994,0,0,0,0,0,1,0,1,1,0,0,0,0,1,0,0,1,0,0,1105,1,
23680,0,1,0,0,0,0,0,0,0,0,0,0,0,1,0,0,0,0,1,1149,1,
28083,1,0,1,0,0,0,0,0,0,0,0,0,0,0,0,1,0,0,1,1247,1,
23852,1,0,0,0,0,0,0,1,1,0,1,0,0,0,0,0,1,1,0,1151,1,
26393,0,0,0,0,0,1,0,0,0,0,0,0,0,1,1,0,0,0,0,1216,1,
30002,0,1,0,1,0,0,0,0,1,0,0,0,0,0,0,1,1,0,0,1279,1,
26332,0,1,1,0,0,0,0,1,0,0,0,0,0,0,0,1,0,0,0,1212,1,
29981,0,1,1,1,0,0,0,0,0,0,0,0,0,0,0,0,0,0,1,1278,1,
26351,1,0,1,0,1,0,0,0,0,0,1,0,0,0,0,0,1,0,0,1213,1,
26357,0,0,0,1,0,0,0,0,0,0,0,0,0,1,0,1,0,0,0,1214,1,
29940,1,0,0,1,1,1,0,0,0,0,0,0,0,0,0,0,0,0,0,1277,1,
26363,1,0,0,1,1,0,0,0,1,0,0,0,0,0,0,1,0,0,0,1215,1,
26400,0,1,0,0,1,0,0,0,1,0,0,1,0,0,1,0,0,0,0,1217,1,
30023,0,0,0,0,0,1,0,0,0,0,0,0,0,0,1,0,0,0,1,1280,1,
26465,0,1,1,1,1,0,0,0,0,0,0,0,0,1,0,0,0,0,0,1218,1,
29869,1,1,0,0,0,1,0,0,0,0,0,0,0,1,1,0,0,0,0,1276,1,
26630,1,0,0,1,1,0,0,0,1,0,0,0,0,0,0,0,0,0,0,1220,1,
29809,1,0,0,0,0,0,0,0,0,0,0,1,1,0,0,0,0,0,0,1275,1,
29803,0,0,0,0,1,0,0,1,1,0,0,0,1,0,0,0,0,0,0,1274,1,
29497,0,1,0,1,1,0,1,1,0,0,0,0,0,0,0,0,0,0,0,1272,1,
29399,0,1,0,0,0,0,0,0,0,1,0,0,0,0,0,1,1,0,0,1271,1,
26319,1,0,0,0,0,1,0,0,1,0,0,0,0,0,0,1,1,0,0,1211,1,
26228,0,1,0,0,0,0,0,1,1,0,0,0,0,1,0,1,0,0,0,1210,1,
26811,1,0,1,0,0,0,0,0,1,0,0,1,0,0,0,0,0,0,0,1224,1,
30577,0,0,0,0,0,0,0,0,1,0,1,0,0,0,0,0,0,1,0,1286,1,
25684,0,0,1,0,0,0,0,0,0,0,1,0,0,1,0,1,0,0,0,1200,1,
30655,0,0,0,0,0,1,0,1,0,0,0,0,0,0,0,0,0,1,0,1289,1,
25844,0,0,0,0,0,0,0,0,1,0,0,0,1,1,0,0,0,0,0,1202,1,
25852,0,1,0,0,0,0,0,0,0,0,1,0,0,1,0,0,0,0,0,1203,1,
30621,0,0,0,0,1,0,0,0,0,0,1,0,1,1,1,0,0,0,0,1288,1,
30584,0,0,1,0,0,0,0,0,0,0,1,0,0,1,0,0,0,0,0,1287,1,
25964,0,0,0,0,0,0,0,1,0,0,1,0,0,0,0,0,1,1,0,1205,1,
30569,0,0,0,0,0,0,0,0,1,0,0,0,0,1,0,1,1,0,0,1285,1,
26215,0,0,0,0,0,0,0,0,0,0,1,1,0,0,0,0,1,0,0,1209,1,
26024,0,0,1,1,1,0,0,0,1,0,0,0,0,0,0,1,0,0,0,1206,1,
30546,0,0,0,1,0,0,0,1,0,0,0,0,0,0,1,0,0,0,1,1284,1,
26072,0,1,0,0,1,0,0,0,0,0,1,0,0,0,1,0,0,0,0,1207,1,
30289,0,0,0,0,1,0,0,1,0,1,0,0,0,0,0,0,0,0,0,1283,1,
26142,0,1,0,0,0,1,0,1,0,0,1,0,0,1,0,0,0,0,0,1208,1,
30205,0,0,0,0,1,1,0,0,0,0,0,0,0,0,0,0,0,0,1,1282,1,
30140,0,0,1,0,1,0,0,1,0,0,0,0,0,0,1,1,0,0,0,1281,1,
26791,1,0,0,0,0,0,0,1,0,0,0,0,0,1,0,1,0,0,0,1223,1,
26972,1,1,0,0,1,1,0,0,0,0,0,0,0,0,0,0,1,1,0,1225,1,
23868,1,0,0,0,1,0,1,1,0,0,0,0,0,0,1,0,1,0,0,1152,1,
28495,0,0,0,0,0,0,1,0,0,0,1,0,0,1,0,0,0,0,0,1254,1,
29168,0,1,0,1,1,0,0,0,1,0,0,0,0,0,1,1,0,0,0,1262,1,
27653,0,0,0,0,0,0,0,0,0,0,0,1,0,1,0,1,1,0,0,1241,1,
29154,0,0,0,1,0,0,0,0,0,0,0,0,1,0,0,1,0,0,0,1260,1,
29081,0,0,0,1,0,0,1,0,1,0,0,0,0,0,0,1,0,0,0,1259,1,
27756,1,0,0,0,0,1,0,1,0,0,1,0,0,0,0,0,1,0,0,1242,1,
29070,0,0,0,0,0,0,0,0,0,1,0,0,0,1,0,0,0,0,0,1257,1,
28915,0,0,1,1,1,0,0,1,1,0,0,0,0,0,0,0,0,0,0,1256,1,
27889,1,0,0,0,0,1,0,0,0,0,0,0,0,0,0,0,1,0,1,1243,1,
29202,0,0,1,0,0,0,1,1,1,0,0,0,0,0,0,0,0,0,0,1264,1,
28394,1,0,0,0,0,0,0,0,0,0,1,1,0,0,0,1,0,0,0,1252,1,
27972,1,0,1,0,1,0,0,0,0,0,0,0,0,0,1,0,0,0,0,1244,1,
27994,0,1,0,0,0,0,0,1,1,0,0,0,0,0,0,1,0,0,0,1245,1,
28241,0,1,0,0,0,0,0,1,1,0,0,1,0,0,0,0,0,0,0,1250,1,
28072,0,0,0,0,0,1,0,1,1,0,1,0,0,0,0,0,1,0,0,1246,1,
28210,0,0,0,0,0,0,0,0,0,0,1,0,0,0,1,1,1,0,0,1249,1,
28105,0,1,0,1,0,0,0,0,0,0,0,0,0,0,0,0,0,1,0,1248,1,
29173,1,0,1,0,0,1,0,1,0,1,0,0,0,1,0,1,1,0,0,1263,1,
27569,0,0,1,1,0,0,0,1,0,0,0,0,1,0,0,0,0,0,0,1240,1,
27015,0,0,0,0,0,0,0,0,0,0,1,0,1,0,0,0,1,0,0,1226,1,
29302,0,0,0,0,0,0,1,1,0,0,0,0,0,1,0,0,0,0,0,1268,1,
27069,0,0,0,0,0,0,0,1,0,0,0,0,1,0,1,0,0,1,0,1227,1,
27077,1,0,0,0,1,0,0,0,0,0,1,0,1,0,0,0,0,0,0,1228,1,
27105,0,0,0,0,1,1,0,1,1,0,0,0,0,0,0,0,0,0,0,1229,1,
27155,0,1,0,1,1,0,0,0,0,0,0,0,0,0,1,1,0,0,0,1230,1,
27326,0,1,0,0,1,0,0,0,0,0,1,0,0,0,0,1,0,0,0,1231,1,
29378,0,0,0,0,1,0,0,1,0,0,1,0,0,1,0,0,0,0,0,1270,1,
29351,1,0,0,0,0,0,0,0,0,0,0,0,1,0,1,0,0,0,0,1269,1,
27396,0,0,0,0,0,0,1,0,0,0,1,0,0,0,0,0,0,1,0,1233,1,
29214,0,0,1,0,1,0,0,0,0,0,0,0,0,0,0,0,1,0,0,1265,1,
27423,1,1,0,0,0,0,0,1,1,0,0,0,0,1,0,0,0,0,0,1234,1,
27442,1,1,0,0,1,1,0,0,0,0,0,0,0,1,1,0,0,0,0,1235,1,
27488,1,0,0,0,1,1,0,1,0,0,0,0,0,0,0,1,0,0,0,1236,1,
29275,1,0,0,0,0,0,0,0,1,0,1,0,0,0,0,1,1,0,0,1267,1,
29227,1,0,0,0,1,1,0,1,0,0,0,0,0,0,0,0,0,1,0,1266,1,
27543,1,0,0,0,1,1,1,0,0,0,0,0,0,0,0,0,0,0,0,1238,1,
27558,0,0,0,0,0,0,0,1,0,0,1,0,0,0,0,1,0,1,0,1239,1,
25615,0,0,0,0,0,0,0,1,1,0,0,0,0,0,1,0,0,1,0,1198,1,
30679,0,1,1,0,1,0,0,0,1,0,0,0,1,0,0,0,0,0,0,1290,1,
25593,0,1,1,1,0,0,0,0,0,0,0,1,0,0,0,0,0,0,0,1197,1,
24748,0,1,1,0,0,0,0,0,1,0,0,0,1,0,0,0,0,0,0,1171,1,
24413,0,1,0,0,1,0,1,0,0,0,0,0,0,1,0,0,0,0,0,1168,1,
24619,0,1,1,0,0,0,0,1,0,0,1,0,0,0,0,0,0,0,0,1169,1,
32809,1,1,0,0,1,0,0,1,0,0,0,0,0,1,1,0,1,0,0,1322,1,
32770,1,0,0,0,0,1,0,1,0,0,0,1,0,1,0,1,1,0,0,1321,1,
32643,0,1,1,1,1,0,0,1,0,0,0,0,0,0,0,0,0,0,0,1320,1,
32503,1,0,0,0,0,0,0,1,0,0,0,0,1,0,0,0,0,0,0,1319,1,
24717,1,1,0,0,0,0,0,0,0,0,0,0,0,0,0,0,1,0,1,1170,1,
24803,0,0,0,1,0,0,0,1,1,0,0,0,0,0,0,1,0,0,0,1172,1,
32848,0,1,0,0,0,1,0,1,1,0,0,0,0,1,0,0,1,0,0,1324,1,
32488,1,1,0,0,0,0,0,1,1,0,0,1,0,0,0,0,0,0,0,1318,1,
32485,1,1,0,1,1,0,0,0,0,0,0,0,0,0,1,0,0,0,0,1317,1,
24820,0,0,0,0,0,1,0,0,0,1,1,0,0,0,1,0,1,0,0,1173,1,
32461,1,1,0,0,0,1,0,0,0,0,0,1,0,0,0,0,0,0,0,1316,1,
32445,1,1,0,0,1,1,0,1,0,1,1,0,0,1,0,0,1,0,1,1315,1,
32376,1,0,0,0,0,1,0,0,0,1,0,0,0,1,0,0,1,0,0,1314,1,
32374,1,1,1,0,1,0,0,0,1,0,0,0,0,1,0,1,0,0,0,1313,1,
32817,0,0,0,0,1,0,1,0,0,0,0,0,0,0,1,0,0,0,0,1323,1,
24407,1,0,0,0,0,0,0,1,0,0,0,0,0,1,1,0,1,0,0,1167,1,
25567,1,0,0,0,0,0,0,0,0,0,1,0,0,0,0,0,0,1,0,1196,1,
33195,1,1,0,0,0,0,0,0,0,0,0,0,0,1,0,0,0,0,0,1332,1,
23941,0,1,0,1,1,1,0,0,0,0,0,0,0,0,0,0,0,0,0,1153,1,
23978,0,0,1,0,0,0,0,0,0,0,0,0,0,1,0,0,1,0,0,1154,1,
24016,0,1,0,0,0,0,0,0,0,0,1,0,0,0,1,1,0,0,0,1155,1,
24066,1,0,0,0,0,0,0,0,0,0,1,0,0,1,0,1,1,0,0,1156,1,
24081,1,0,0,0,0,0,0,0,0,0,1,0,1,0,0,0,0,0,0,1157,1,
24152,0,0,0,0,0,0,0,1,0,1,0,0,1,0,0,0,0,0,0,1159,1,
24216,0,0,1,0,0,0,0,0,1,0,0,1,1,0,0,0,0,0,0,1160,1,
24225,0,0,0,0,0,0,0,1,1,0,0,0,0,0,0,0,1,1,0,1161,1,
32927,0,1,1,0,0,0,0,1,0,0,0,0,0,0,1,0,0,1,0,1326,1,
33124,0,1,0,1,1,0,0,0,0,0,0,0,1,0,0,1,0,0,0,1331,1,
33085,1,0,0,0,0,0,1,1,0,0,0,0,0,0,0,0,1,0,0,1330,1,
24242,0,0,1,0,0,0,0,0,1,0,1,0,0,0,0,0,1,0,0,1162,1,
33076,0,0,0,0,0,1,0,0,0,0,0,0,0,1,0,1,0,0,0,1329,1,
32936,0,0,1,1,0,0,0,1,0,0,0,0,0,0,0,1,0,0,0,1328,1,
24303,1,0,0,0,0,0,0,0,0,0,1,0,0,0,0,0,1,1,0,1164,1,
32930,1,1,0,0,0,0,0,0,0,0,0,0,0,1,1,0,0,0,0,1327,1,
32315,1,1,0,0,0,0,0,1,1,0,1,0,0,0,1,1,0,0,0,1312,1,
24859,0,0,1,0,0,0,0,1,0,0,0,0,0,0,0,1,0,1,0,1174,1,
24876,1,0,1,0,0,1,0,1,0,0,0,0,0,0,0,0,0,0,0,1175,1,
31028,0,1,0,0,0,1,1,1,0,0,0,0,0,0,0,0,0,0,0,1295,1,
25326,0,1,0,0,0,0,0,0,1,0,0,0,0,0,0,1,0,0,1,1186,1,
25400,1,0,1,0,0,0,0,0,0,0,0,1,0,1,0,0,0,0,0,1187,1,
31159,0,0,1,0,0,0,1,0,0,0,0,0,0,0,0,0,0,1,0,1298,1,
31114,0,0,0,1,0,0,0,1,0,0,0,0,0,1,0,0,0,0,0,1297,1,
25412,1,0,0,0,1,1,0,0,0,0,0,0,0,0,0,1,0,0,0,1188,1,
20144,0,0,0,1,0,0,0,1,1,0,0,0,0,1,0,0,0,0,0,1057,1,
25472,1,1,0,1,0,0,0,0,1,0,0,0,0,0,0,1,0,0,0,1189,1,
25497,0,1,1,1,0,0,0,0,0,0,0,0,1,0,0,0,0,0,1,1191,1,
32303,1,1,0,0,0,1,0,0,0,0,0,0,0,0,0,0,0,0,1,1311,1,
31008,0,1,0,1,0,1,0,1,0,0,0,0,0,0,0,0,0,0,0,1294,1,
25501,1,0,0,0,1,0,1,1,0,0,0,0,0,0,0,0,0,0,0,1192,1,
25507,0,0,0,0,0,0,1,0,0,0,0,0,0,0,1,0,0,1,0,1193,1,
30816,1,1,0,0,1,0,0,1,0,0,0,0,0,0,1,0,0,1,0,1293,1,
30782,0,0,0,0,1,0,0,0,1,0,1,0,0,0,1,0,0,0,0,1292,1,
25521,0,0,0,0,1,0,0,1,0,0,1,0,0,0,0,1,0,0,0,1195,1,
30763,1,0,0,0,1,0,0,0,0,0,1,0,0,0,1,0,1,0,0,1291,1,
31191,0,0,1,1,1,0,0,1,1,0,0,0,1,0,0,0,0,0,0,1299,1,
31214,0,0,0,0,1,0,0,0,1,0,0,0,0,1,1,0,0,0,0,1300,1,
25312,0,0,0,1,0,0,1,0,0,0,0,1,0,0,0,0,0,0,0,1185,1,
31350,0,0,1,1,1,0,0,0,1,0,0,0,0,1,1,0,0,0,0,1301,1,
24883,1,0,0,0,1,1,0,1,0,0,0,0,1,0,1,0,0,0,0,1176,1,
24969,0,0,0,1,1,0,0,0,1,0,0,0,0,1,0,1,0,0,0,1178,1,
25020,0,0,1,1,1,0,0,1,1,0,0,0,0,0,1,1,0,0,0,1179,1,
32079,0,1,0,0,0,0,0,1,0,0,0,0,0,0,0,1,0,1,0,1309,1,
31973,1,1,0,0,0,0,0,0,1,0,0,0,1,0,1,0,0,0,0,1308,1,
31938,1,0,0,0,1,1,0,1,0,0,0,0,0,1,0,0,0,0,0,1307,1,
31853,1,0,0,0,0,1,0,0,0,0,0,1,0,0,0,1,0,0,0,1306,1,
25031,0,0,0,0,0,1,0,1,1,1,0,0,0,1,1,0,0,0,0,1180,1,
25104,1,0,0,0,0,0,0,0,1,0,1,0,0,1,0,0,1,0,0,1181,1,
31670,1,0,1,0,0,0,0,1,0,0,0,0,0,0,0,1,1,0,0,1305,1,
25158,0,0,0,0,1,0,0,0,0,0,1,0,0,0,0,0,0,0,1,1182,1,
31568,1,0,0,0,0,0,0,1,0,0,0,1,0,0,0,0,0,0,0,1303,1,
25162,1,0,0,0,0,1,0,1,0,0,0,1,0,0,0,0,1,0,0,1183,1,
25303,0,1,0,0,0,0,0,0,0,0,0,0,0,0,0,0,1,0,1,1184,1,
31515,0,0,0,1,0,0,0,1,1,0,0,0,0,0,1,1,0,0,0,1302,1,
32859,0,0,1,0,1,0,0,0,0,0,1,1,0,0,0,0,0,0,0,1325,1,
8648,1,1,0,0,0,1,0,0,0,0,0,0,0,0,1,0,0,0,0,694,1,
20129,1,1,0,0,1,0,0,0,1,0,0,0,0,0,0,1,1,0,0,1056,1,
5815,1,1,0,0,1,0,0,0,0,0,1,0,0,0,0,0,1,0,0,576,1,
5928,1,0,0,0,0,0,0,0,1,0,0,1,0,0,0,0,0,1,0,583,1,
5967,1,0,1,0,1,1,0,1,0,0,0,0,0,0,1,0,1,0,0,584,1,
5970,0,0,0,1,0,0,1,1,0,0,0,0,0,0,1,0,0,0,0,585,1,
6065,1,0,0,0,0,0,0,0,0,0,0,0,0,0,0,1,1,0,1,588,1,
6137,0,0,1,0,1,0,0,1,0,0,0,0,0,1,0,0,0,0,0,592,1,
6158,1,0,0,0,0,0,0,0,1,0,1,1,0,0,0,0,0,0,0,595,1,
6201,1,0,1,0,1,0,0,0,1,0,1,0,0,0,0,1,0,0,0,597,1,
6247,0,0,0,0,1,0,0,0,0,0,0,0,0,0,0,1,0,1,0,598,1,
6295,1,0,0,0,1,1,0,1,0,0,1,0,0,0,0,0,1,0,0,600,1,
6525,1,0,0,0,1,0,0,1,1,0,0,0,0,1,0,1,0,1,0,612,1,
6648,0,1,1,1,1,0,0,1,0,0,0,0,0,0,1,0,0,0,0,618,1,
6711,0,1,1,0,1,0,0,0,1,0,0,0,0,0,1,0,0,0,0,620,1,
6996,0,1,0,0,0,1,0,1,0,0,0,0,0,1,0,0,0,0,0,631,1,
7024,0,1,1,1,0,0,0,0,1,0,0,0,0,0,0,1,0,0,0,633,1,
7062,0,0,0,0,0,0,0,1,0,0,1,0,0,0,0,0,0,0,1,635,1,
7227,1,1,0,0,0,0,0,1,0,0,0,0,0,0,0,0,0,1,1,644,1,
7243,1,1,0,0,1,0,0,0,0,0,0,1,0,0,0,1,0,0,0,645,1,
5823,0,0,0,0,0,1,0,0,1,0,1,0,0,0,0,0,0,0,0,577,1,
5718,0,0,1,0,1,0,0,1,1,0,0,0,0,0,0,1,0,0,0,571,1,
4801,1,0,1,0,0,0,0,1,0,0,0,0,0,0,0,0,1,0,0,505,1,
5645,1,1,1,0,1,0,0,0,1,0,0,0,0,0,0,1,0,0,0,565,1,
4879,0,0,0,0,1,1,0,1,0,0,1,0,0,0,0,0,1,0,0,510,1,
4898,0,0,0,0,1,0,0,0,0,0,0,0,0,0,1,0,1,0,1,514,1,
4909,1,0,1,0,1,0,0,0,0,0,0,0,0,0,1,0,0,0,1,516,1,
4915,0,1,1,1,0,0,0,0,1,0,0,0,0,1,0,0,0,0,0,517,1,
4933,0,0,1,1,0,0,0,1,0,0,0,0,1,0,1,0,0,0,0,520,1,
4972,1,0,0,0,1,1,0,0,0,0,1,0,0,0,0,0,0,0,0,523,1,
5052,0,1,0,0,0,1,0,1,0,0,0,0,0,0,1,0,0,1,0,526,1,
5065,0,0,0,0,0,0,0,0,0,0,1,0,0,1,0,0,1,0,1,529,1,
5211,0,0,0,1,0,0,0,0,0,0,1,0,0,0,0,1,1,0,0,538,1,
5283,1,0,0,0,1,0,0,1,1,0,0,0,0,0,0,0,1,0,0,541,1,
5339,0,0,1,0,0,0,0,0,1,0,0,0,1,0,0,0,0,0,0,543,1,
5358,1,0,0,0,0,1,0,0,0,0,0,1,0,0,0,0,0,0,0,546,1,
5400,1,1,0,0,1,0,0,1,0,0,0,0,0,0,1,0,1,0,0,548,1,
5479,0,0,0,1,0,0,0,1,0,0,0,0,0,0,0,1,0,0,0,552,1,
5580,0,0,1,0,0,0,0,1,0,0,0,0,0,0,1,1,0,1,0,557,1,
5629,1,0,0,0,1,0,0,0,0,0,0,1,0,0,0,0,0,0,0,561,1,
5642,1,0,0,0,1,0,0,0,0,0,0,0,1,0,0,1,0,0,0,563,1,
7337,1,0,0,0,1,0,0,0,0,0,1,0,0,0,0,1,1,0,1,648,1,
7376,0,0,1,1,1,0,0,0,1,0,0,1,1,0,1,0,0,0,0,649,1,
7422,1,0,0,1,0,0,0,1,0,0,0,0,0,0,0,0,1,0,0,650,1,
7453,0,1,0,0,0,0,0,1,1,0,0,1,0,0,1,0,0,0,0,651,1,
9070,1,1,1,1,0,0,0,0,0,0,0,0,0,1,0,0,0,0,0,706,1,
9170,0,0,0,0,0,0,0,1,0,0,0,0,0,1,1,0,0,1,0,711,1,
9211,0,0,0,0,0,0,0,0,1,0,0,1,0,0,0,0,0,0,0,713,1,
9248,1,1,0,0,0,0,0,0,1,0,0,0,0,0,1,1,0,0,0,714,1,
9259,0,0,0,0,1,0,0,1,0,0,0,0,0,1,1,0,1,0,0,715,1,
9332,0,0,0,0,0,0,0,0,1,0,1,0,0,0,0,1,0,0,1,718,1,
9420,0,0,0,1,1,0,0,0,0,0,0,0,0,0,1,1,0,0,0,722,1,
9459,0,0,0,1,1,0,0,1,0,0,0,0,0,0,0,0,1,0,0,723,1,
9578,0,0,0,0,0,0,0,0,0,0,0,0,0,1,1,1,1,0,0,724,1,
9732,0,0,0,0,1,1,0,0,0,0,0,0,0,1,1,0,1,0,0,729,1,
9734,0,0,1,0,1,0,0,0,1,0,0,0,1,0,0,0,0,0,0,730,1,
9777,1,1,0,0,0,0,0,0,0,0,0,0,0,0,0,0,1,1,0,731,1,
9794,0,0,0,1,1,0,0,1,0,0,0,0,0,0,0,0,0,0,1,732,1,
9808,1,0,0,0,1,0,0,0,1,0,0,0,0,0,1,0,0,0,0,733,1,
9812,0,0,0,0,0,0,0,0,0,1,0,0,0,1,1,0,1,0,0,734,1,
9887,0,1,0,0,0,1,0,1,0,0,1,0,0,0,0,0,1,0,0,736,1,
9915,0,0,0,0,0,0,0,1,0,0,1,0,0,1,0,1,0,0,0,737,1,
8775,0,1,0,0,1,0,0,0,1,0,0,0,1,0,1,0,0,0,0,700,1,
8680,1,0,0,0,1,0,0,1,0,0,0,0,1,0,1,0,0,0,0,695,1,
8555,0,1,0,0,0,0,0,1,1,0,0,0,0,0,1,0,1,0,0,691,1,
7903,1,0,0,0,0,1,1,0,0,0,0,0,0,0,0,0,0,0,0,667,1,
7523,1,0,1,1,0,0,0,0,1,0,0,0,0,0,0,1,0,0,0,653,1,
7557,1,0,1,0,0,0,0,0,0,0,0,0,0,0,0,1,0,1,0,655,1,
7561,1,0,0,0,0,0,0,0,1,0,1,0,0,0,0,1,0,0,0,656,1,
7606,0,1,0,0,1,1,0,1,0,0,0,0,0,1,0,0,0,0,0,658,1,
7670,1,0,0,0,0,0,0,1,0,0,0,0,0,1,0,0,1,1,0,661,1,
7864,1,0,0,0,0,1,0,1,0,0,0,0,1,0,0,0,0,0,0,665,1,
7899,0,1,0,0,1,0,0,0,0,0,0,0,0,0,1,1,0,0,0,666,1,
7914,1,1,0,0,0,0,0,1,0,0,0,1,0,0,0,0,0,0,0,668,1,
8541,1,0,0,0,1,0,0,0,1,0,1,0,0,0,0,0,1,0,0,690,1,
7916,0,0,0,0,1,0,0,0,1,0,0,0,0,0,0,0,1,0,0,669,1,
7931,1,0,0,0,1,0,0,0,0,0,0,0,0,0,1,0,0,1,0,670,1,
8076,0,0,0,0,0,0,0,1,1,0,0,0,0,1,1,1,0,0,0,672,1,
8364,0,1,0,0,0,0,0,0,1,0,1,0,0,0,1,1,1,0,0,680,1,
8397,0,1,0,1,0,0,0,1,1,0,0,0,0,1,0,0,0,0,0,681,1,
8414,0,1,0,1,1,0,0,0,1,0,1,0,0,0,0,0,0,0,0,683,1,
8537,0,1,0,0,0,1,0,0,0,0,1,0,0,0,0,0,1,0,0,688,1,
4854,0,0,0,0,1,0,0,1,0,0,0,0,1,0,1,0,0,1,0,509,1,
4732,1,1,0,0,0,0,0,0,0,0,0,0,0,1,0,1,0,0,0,500,1,
9997,0,0,0,0,1,1,0,1,0,0,1,0,0,1,0,0,0,0,0,741,1,
1529,1,1,0,0,0,0,0,1,1,0,0,0,0,0,1,0,0,0,0,282,1,
1729,0,0,0,0,0,0,0,0,0,0,1,0,0,1,0,0,0,0,1,305,1,
1757,0,0,0,1,0,0,0,0,0,0,0,0,1,1,0,0,0,0,0,310,1,
1853,0,1,0,0,0,0,0,0,0,0,0,0,1,0,1,0,0,0,0,318,1,
1974,0,1,0,0,0,0,0,0,0,0,0,0,0,0,1,0,0,1,1,323,1,
2071,0,0,0,0,0,0,0,0,0,0,0,1,0,0,0,1,1,0,0,326,1,
2123,1,0,0,0,0,0,0,1,0,0,0,0,0,1,1,1,1,0,0,332,1,
2243,1,0,0,0,0,1,0,1,1,0,0,0,0,0,1,0,0,0,0,340,1,
2308,0,0,1,0,1,0,0,0,0,0,0,0,0,0,0,1,0,1,0,344,1,
2354,1,0,0,0,1,0,0,0,0,0,0,0,1,0,1,0,0,0,0,348,1,
2368,1,0,0,0,1,0,0,1,0,0,0,0,0,0,1,0,0,0,1,349,1,
2530,1,0,0,0,0,0,0,0,1,0,1,0,0,0,1,0,0,0,0,365,1,
2686,0,0,0,0,0,0,0,1,1,1,0,0,0,1,1,0,0,1,0,372,1,
2721,0,0,1,0,1,0,0,0,0,0,0,0,1,0,1,0,0,0,0,375,1,
2726,0,0,0,0,0,0,0,0,1,0,1,0,0,0,1,0,1,0,0,376,1,
2869,0,1,0,0,1,0,0,0,0,0,0,0,0,0,0,1,1,0,0,390,1,
2939,1,0,0,0,0,0,0,1,0,0,0,0,0,1,1,1,0,0,0,391,1,
2941,0,0,1,1,1,0,0,0,0,0,0,0,0,1,0,0,0,0,1,392,1,
1674,0,0,1,1,0,0,0,1,1,0,0,0,1,0,0,0,0,0,0,298,1,
1505,1,0,0,0,0,1,0,1,0,0,0,0,0,0,1,0,0,0,1,276,1,
4709,1,0,0,0,1,0,0,1,0,0,0,0,0,0,0,0,1,1,0,499,1,
1399,0,1,1,0,1,0,0,0,1,0,0,0,1,0,1,0,0,0,0,265,1,
139,0,1,0,0,0,1,1,0,0,0,0,0,0,0,0,0,0,0,0,49,1,
190,1,1,1,0,0,0,0,0,1,0,1,0,0,0,0,0,0,0,0,65,1,
208,1,0,0,0,0,0,1,1,0,0,0,0,0,0,1,0,0,1,0,71,1,
294,1,0,0,1,1,0,0,1,1,0,0,0,0,0,0,0,0,0,0,96,1,
348,0,1,0,0,1,0,0,1,1,0,0,0,0,0,1,0,0,0,0,113,1,
525,0,0,0,0,0,0,0,0,0,0,0,0,0,0,0,1,0,1,0,152,1,
553,0,0,0,0,0,0,0,0,1,0,0,0,0,0,0,0,0,0,1,158,1,
714,1,0,1,0,1,0,0,0,1,0,0,0,0,0,0,0,0,0,0,180,1,
821,0,0,1,0,0,0,0,1,0,0,0,0,0,0,0,0,1,0,0,191,1,
856,0,1,0,0,0,0,0,0,0,0,0,0,0,0,1,1,0,0,0,194,1,
901,0,0,0,1,0,0,0,0,1,0,0,0,1,0,1,0,0,0,0,201,1,
921,0,0,0,0,0,1,0,1,0,0,0,0,0,0,0,0,1,0,1,206,1,
1120,0,0,0,0,0,0,0,0,1,0,0,0,0,1,0,1,0,1,0,231,1,
1189,0,1,1,1,0,0,0,0,0,0,0,0,0,0,1,1,0,0,0,243,1,
1197,0,1,0,0,1,0,1,0,0,0,0,0,0,0,0,0,0,0,0,245,1,
1203,1,1,0,0,0,0,0,0,1,0,0,0,0,0,0,1,1,0,0,246,1,
1311,1,1,0,1,1,1,0,0,0,0,0,0,0,0,0,0,0,0,0,255,1,
2959,0,0,0,1,1,0,0,1,0,0,0,0,0,1,0,0,0,0,0,394,1,
2966,0,0,0,0,1,0,0,1,0,0,0,0,1,1,0,0,0,0,0,395,1,
2971,0,0,0,0,1,0,0,1,0,0,0,0,0,0,0,1,1,0,0,396,1,
3031,1,0,0,0,0,0,0,1,0,0,0,0,1,0,1,0,0,0,0,400,1,
3794,1,0,1,0,1,0,0,1,1,0,0,0,0,0,0,0,0,0,0,456,1,
3882,0,0,1,0,1,1,0,0,0,0,0,0,0,0,0,0,0,0,0,459,1,
3938,0,1,0,0,0,1,0,1,0,0,0,0,0,1,1,0,0,0,0,461,1,
3991,0,0,0,0,1,1,0,1,1,0,1,0,0,0,0,0,0,0,0,463,1,
4067,0,0,0,0,1,1,0,1,0,0,0,0,1,1,1,0,0,0,0,466,1,
4102,1,0,0,1,0,0,0,0,1,0,0,0,0,0,0,1,0,0,0,469,1,
4142,0,1,0,0,1,0,0,0,0,0,0,0,1,0,0,1,0,0,0,471,1,
4283,0,1,0,0,0,0,1,1,0,0,0,0,0,0,0,0,1,0,0,476,1,
4308,1,0,0,0,0,1,0,0,0,0,0,0,0,0,0,0,1,1,0,479,1,
4319,0,0,0,0,0,0,0,1,0,1,0,0,0,0,1,0,1,0,0,481,1,
4336,0,0,1,0,0,0,0,1,0,0,1,0,0,0,0,0,1,0,0,482,1,
4390,0,0,0,0,1,1,0,1,0,0,1,0,0,1,0,0,1,0,0,484,1,
4391,0,0,0,0,1,0,0,1,0,0,0,1,1,0,0,0,0,0,0,485,1,
4485,0,0,0,0,1,0,0,1,1,0,1,0,0,0,0,0,1,0,0,489,1,
4509,0,0,0,0,0,0,1,0,0,0,0,0,1,0,0,0,0,1,0,490,1,
4541,0,0,0,0,0,0,0,0,0,0,1,0,0,1,1,0,0,0,0,493,1,
4620,0,1,0,0,1,0,0,0,0,0,0,0,0,0,0,1,0,0,1,495,1,
3775,0,0,0,0,0,1,0,0,0,0,1,0,0,1,0,1,1,0,0,454,1,
3764,0,0,0,1,0,0,0,1,1,0,0,0,0,1,0,0,1,0,0,453,1,
3730,1,1,1,0,0,0,0,0,0,0,0,0,0,0,0,1,1,0,0,449,1,
3206,0,1,1,1,1,0,0,0,1,0,0,1,0,0,0,1,0,0,0,416,1,
3038,1,0,0,1,1,0,0,1,0,0,0,0,0,0,1,0,0,0,0,401,1,
3043,1,0,0,0,1,0,0,0,0,0,0,1,0,0,0,1,0,0,0,402,1,
3044,0,0,0,0,0,0,0,1,0,0,0,0,0,1,0,0,1,1,0,403,1,
3078,1,0,0,0,0,0,0,1,1,0,0,0,0,0,0,1,0,0,0,407,1,
3144,0,1,0,0,0,0,0,1,0,0,0,0,0,0,1,0,1,1,0,411,1,
3155,1,0,0,0,0,0,0,0,0,0,0,0,0,1,1,0,0,0,0,413,1,
3203,0,1,1,1,1,1,0,0,0,0,0,0,0,0,0,0,0,0,0,415,1,
3257,1,0,0,0,0,0,0,0,0,1,0,0,0,0,0,0,1,0,0,420,1,
3682,1,0,0,0,0,0,0,0,0,1,0,0,0,0,0,1,0,0,0,446,1,
3311,1,0,0,0,0,0,0,0,0,0,1,0,0,1,1,0,0,0,0,424,1,
3351,0,0,0,0,1,0,0,0,1,0,1,0,1,0,0,0,1,0,0,428,1,
3356,1,0,0,0,0,0,0,1,0,0,0,1,0,0,0,1,0,0,0,429,1,
3489,0,0,0,0,1,0,0,0,0,0,1,1,0,0,0,0,0,0,0,435,1,
3531,0,0,1,0,0,0,0,1,0,0,0,0,0,1,0,0,0,0,0,437,1,
3551,0,1,1,0,0,0,0,1,1,0,0,0,0,0,0,0,0,0,0,438,1,
3647,0,0,0,0,0,0,0,0,0,0,0,1,0,0,0,0,0,0,0,444,1,
9978,0,0,1,1,1,0,0,1,0,0,0,0,0,0,1,0,0,0,0,740,1,
10034,1,1,0,0,1,0,0,0,0,0,0,0,1,0,1,0,1,0,0,743,1,
20047,0,0,0,0,0,0,0,1,0,0,0,1,0,0,0,1,0,0,0,1053,1,
16644,0,0,0,0,1,1,1,0,0,0,0,0,0,0,0,0,0,0,0,961,1,
16820,1,1,0,0,0,0,0,1,0,0,0,0,0,0,0,0,1,0,1,967,1,
16847,0,0,0,0,0,1,0,1,0,0,1,0,1,0,0,0,0,0,0,969,1,
16849,1,0,0,0,1,0,0,0,0,0,0,0,0,0,1,1,0,0,0,970,1,
16866,0,0,1,1,0,0,0,0,0,0,0,0,0,0,0,0,1,0,0,971,1,
16940,0,0,0,0,1,1,0,1,0,1,0,0,1,0,0,0,0,0,0,972,1,
17018,0,0,1,0,1,0,0,0,0,0,1,0,0,0,0,0,0,0,0,974,1,
17034,1,0,0,0,1,0,1,0,0,0,0,0,0,0,0,0,1,0,0,975,1,
17046,1,0,0,0,0,1,0,0,0,0,0,0,1,0,0,0,0,0,0,976,1,
17055,1,0,0,0,0,0,0,1,0,0,0,0,1,0,0,0,0,1,0,977,1,
17059,0,0,1,1,1,0,0,0,0,0,0,0,1,0,1,0,0,0,0,978,1,
17164,0,0,1,0,1,0,0,1,0,0,0,0,1,0,0,0,0,0,0,980,1,
17333,1,0,0,0,0,1,0,0,0,0,1,0,0,0,0,1,0,0,0,984,1,
17349,0,0,0,0,1,0,0,0,0,0,0,0,0,0,0,1,1,0,1,985,1,
17528,0,0,0,0,0,1,0,1,0,0,0,0,1,0,0,0,0,0,0,988,1,
17557,0,1,1,1,0,0,0,0,1,0,0,0,1,0,0,1,0,0,0,989,1,
17558,0,0,1,0,0,0,0,0,0,0,0,0,0,0,0,1,1,0,0,990,1,
17601,0,0,0,0,0,0,0,1,0,1,0,0,0,1,1,1,0,0,0,991,1,
16780,1,0,0,0,1,0,0,0,0,0,0,0,0,0,0,1,1,0,0,965,1,
16542,0,0,1,0,0,0,0,0,1,0,0,0,0,0,0,1,1,0,0,960,1,
14656,0,0,1,0,0,0,0,0,0,0,0,0,1,0,1,0,0,0,0,914,1,
16335,0,1,0,1,1,0,0,1,1,0,0,0,0,0,0,1,0,0,0,958,1,
14658,1,1,0,0,1,0,0,0,0,0,0,0,0,0,1,0,1,0,0,916,1,
14719,1,0,0,0,1,0,0,1,0,0,0,0,0,1,0,0,1,0,0,919,1,
14721,1,1,1,0,0,0,0,1,1,0,0,0,0,0,0,0,0,0,0,920,1,
14853,1,0,1,0,0,0,0,0,0,0,0,0,0,0,0,0,0,0,1,925,1,
15104,1,0,0,0,1,0,0,0,0,0,0,0,0,0,1,1,1,0,0,931,1,
15186,0,0,0,0,1,1,0,1,0,0,0,0,0,0,1,0,0,0,1,933,1,
15338,0,0,0,0,0,1,0,0,0,1,0,0,0,1,1,0,1,0,0,934,1,
15342,0,1,0,1,1,0,0,0,1,0,0,0,0,1,0,0,0,0,0,935,1,
15380,0,1,0,0,1,0,0,0,0,0,0,0,1,0,1,0,0,0,1,938,1,
15550,1,0,0,0,0,0,0,0,0,0,0,0,0,0,1,0,0,1,0,940,1,
15896,1,1,1,0,0,0,0,0,0,0,1,0,0,0,0,0,0,0,0,948,1,
15911,1,1,0,1,1,0,0,0,1,0,0,0,0,0,0,1,0,0,0,949,1,
16007,1,0,0,0,0,0,0,0,1,0,1,0,0,1,0,0,0,0,0,951,1,
16016,1,0,0,0,1,1,0,0,1,0,0,0,0,0,0,0,1,0,0,952,1,
16084,0,0,1,0,1,0,0,0,0,0,0,0,0,0,1,1,0,0,0,953,1,
16167,0,1,0,0,1,0,0,0,0,0,0,0,0,0,0,1,1,1,0,954,1,
16285,1,0,0,0,0,0,0,0,1,0,1,0,0,1,0,1,1,0,0,957,1,
17665,0,0,0,0,1,0,0,1,1,0,0,0,1,0,1,0,0,0,0,992,1,
17712,1,1,0,1,1,0,0,0,0,0,0,0,0,1,0,0,0,0,0,993,1,
17731,0,1,0,1,0,0,0,1,1,0,0,1,0,0,0,0,0,0,0,994,1,
17754,0,0,0,0,1,1,0,0,0,0,0,0,0,0,1,0,0,0,1,995,1,
18772,1,0,0,1,0,1,0,1,0,0,0,0,0,0,0,0,1,0,0,1025,1,
18798,1,1,1,0,1,0,0,0,0,0,0,0,0,0,0,0,1,0,0,1026,1,
19150,1,1,0,0,0,0,0,0,1,0,1,0,0,0,1,0,0,0,0,1030,1,
19170,0,0,0,0,1,1,0,1,0,0,0,0,0,0,0,0,0,1,0,1031,1,
19175,1,1,1,0,0,0,0,1,0,0,0,0,0,0,0,0,0,0,0,1032,1,
19262,0,0,0,0,1,0,0,1,1,0,1,0,0,0,1,0,0,0,0,1033,1,
19396,1,0,1,0,0,0,0,0,0,0,1,0,0,0,0,0,1,0,0,1034,1,
19425,1,0,0,0,1,1,0,0,0,0,0,0,0,1,0,0,1,0,0,1036,1,
19445,0,1,1,1,0,0,0,0,0,0,0,0,0,1,1,0,0,0,0,1037,1,
19453,0,0,1,0,1,0,0,0,0,0,0,0,0,0,0,0,0,0,1,1039,1,
19551,1,0,0,0,0,1,0,1,0,0,0,0,0,0,0,0,1,1,0,1041,1,
19573,1,0,0,0,1,1,0,1,0,0,0,0,1,0,0,0,1,0,0,1042,1,
19691,1,1,0,0,0,1,0,0,0,0,0,0,0,1,0,0,0,0,0,1045,1,
19800,0,1,0,1,1,0,0,0,1,0,0,0,0,0,1,0,0,0,0,1048,1,
19895,0,0,1,0,0,1,0,0,0,0,0,0,0,0,0,1,0,0,0,1049,1,
19898,1,0,0,1,0,1,0,1,0,0,0,0,0,0,1,0,0,0,0,1050,1,
19970,0,0,0,1,0,0,0,0,0,0,1,0,0,1,0,0,1,0,0,1051,1,
18740,1,0,0,0,0,1,0,0,0,0,0,0,1,0,1,0,0,0,0,1024,1,
18637,0,0,0,0,0,1,0,0,0,0,0,0,0,1,0,1,1,0,0,1023,1,
18614,0,0,0,0,0,0,0,0,1,0,0,0,0,1,1,0,1,0,0,1022,1,
18106,0,1,0,0,1,1,0,0,0,0,0,0,0,1,0,0,0,0,0,1007,1,
17782,0,0,0,0,0,0,0,1,1,0,0,0,1,1,0,1,0,0,0,996,1,
17825,0,0,0,0,0,0,0,0,0,0,0,0,1,0,1,0,0,0,1,997,1,
17866,1,1,0,0,0,0,0,0,1,0,1,0,0,0,0,0,1,0,0,998,1,
17867,0,0,1,0,0,0,0,0,1,0,0,0,0,0,0,1,0,1,0,999,1,
17947,0,0,1,1,0,0,0,0,0,0,0,0,0,1,0,0,0,0,0,1002,1,
17984,0,0,0,1,0,0,0,0,0,0,1,0,0,1,0,0,0,0,0,1004,1,
18037,1,0,0,1,0,0,0,1,0,0,0,0,0,1,0,0,1,0,0,1005,1,
18120,0,0,1,1,1,1,0,0,0,0,0,0,0,0,0,0,0,0,0,1008,1,
18485,0,0,1,1,0,0,0,0,1,0,0,0,0,0,0,0,0,1,0,1020,1,
18144,1,1,0,0,1,0,1,0,1,0,0,0,0,0,0,0,0,0,0,1010,1,
18268,0,0,0,0,1,0,0,1,0,0,1,0,0,0,1,1,0,0,0,1011,1,
18283,0,1,0,0,0,0,0,0,1,0,0,1,0,0,0,0,1,0,0,1012,1,
18316,0,0,1,0,0,0,0,0,1,0,0,0,1,0,0,1,0,0,0,1013,1,
18326,0,0,1,1,1,0,0,0,0,0,0,1,0,0,0,0,0,0,0,1014,1,
18452,0,1,1,1,0,0,0,1,0,0,0,0,0,0,0,1,0,0,0,1018,1,
18462,0,0,0,0,1,0,0,0,0,0,0,0,1,0,1,0,0,1,0,1019,1,
14657,0,1,0,0,0,0,0,0,1,0,0,0,0,1,0,0,0,0,0,915,1,
14613,1,1,0,0,0,0,0,0,1,0,0,1,0,0,0,1,0,0,0,912,1,
10383,0,1,0,0,1,0,0,0,1,0,0,0,1,0,0,0,0,0,0,751,1,
11287,0,1,0,0,0,1,0,0,0,0,0,0,0,1,1,0,0,0,0,788,1,
11304,0,1,0,1,1,0,0,0,0,0,0,0,1,0,0,0,0,0,0,791,1,
11307,1,1,0,0,0,0,0,0,0,1,0,0,0,0,0,0,1,1,0,792,1,
11326,0,0,0,0,0,0,0,1,1,0,1,0,0,0,1,0,1,0,0,794,1,
11346,0,1,0,0,0,0,0,1,0,0,0,0,0,0,1,1,1,0,0,796,1,
11412,1,0,0,0,1,0,0,1,0,0,1,0,0,0,0,0,0,0,0,799,1,
11505,0,0,1,0,0,1,0,0,0,0,0,0,0,1,0,1,1,0,0,801,1,
11534,1,0,0,0,1,0,0,0,0,0,0,0,0,1,0,0,1,0,0,803,1,
11540,1,0,0,0,0,0,0,0,1,0,0,1,0,0,0,1,0,0,0,804,1,
11577,1,1,1,0,0,0,0,0,1,0,0,1,0,0,0,0,0,0,0,807,1,
11585,1,0,0,0,1,1,0,0,0,0,1,0,0,0,0,0,1,0,0,808,1,
11617,1,0,0,0,0,0,0,1,0,0,1,1,0,0,0,0,0,0,0,811,1,
11711,1,0,0,0,1,0,0,0,1,0,0,0,0,0,1,1,0,0,0,813,1,
11746,0,0,0,0,0,1,0,0,0,0,0,0,0,0,1,0,0,0,0,816,1,
11799,0,1,1,0,0,0,0,0,1,0,0,0,1,0,0,1,0,0,0,817,1,
11855,1,0,0,0,1,0,0,0,1,0,0,0,0,0,0,0,1,0,0,820,1,
11981,0,1,0,1,1,0,0,0,0,0,0,0,0,1,0,0,0,0,0,824,1,
12064,0,1,0,1,0,0,0,0,0,0,0,0,0,0,1,1,0,0,0,825,1,
11301,1,0,0,0,0,0,1,0,0,0,0,0,0,0,0,1,0,0,0,790,1,
11244,0,0,0,0,1,0,0,0,0,0,1,0,0,0,1,1,0,0,0,786,1,
14551,1,0,0,0,0,0,0,0,1,0,0,0,0,0,1,1,0,0,0,911,1,
11240,0,1,0,0,0,0,0,1,1,0,0,0,0,1,0,0,0,0,0,785,1,
10406,0,0,0,0,0,0,0,0,1,0,1,0,1,0,0,0,0,0,0,752,1,
10462,1,0,0,0,1,0,0,0,0,0,1,0,0,0,0,0,0,0,1,754,1,
10466,1,1,0,1,0,0,0,0,0,0,0,0,0,0,0,1,0,0,0,755,1,
10494,0,0,0,0,0,0,0,1,0,1,0,0,0,0,0,0,0,1,0,756,1,
10535,0,1,1,1,0,0,0,1,0,0,0,0,1,0,0,0,0,0,0,757,1,
10536,0,0,0,0,0,1,0,1,1,0,0,0,0,0,0,0,0,0,0,758,1,
10634,1,0,0,0,0,0,0,1,0,0,0,0,0,0,0,1,0,1,0,761,1,
10662,0,1,0,0,1,0,0,0,0,0,0,0,0,1,0,0,0,0,1,762,1,
10724,0,1,0,0,1,0,0,1,1,0,0,0,0,1,0,1,1,0,0,764,1,
10791,0,0,0,0,1,1,0,0,0,1,0,0,0,0,0,0,0,0,0,766,1,
10917,1,1,1,0,0,0,0,1,0,0,0,0,0,0,0,1,0,0,0,769,1,
10927,0,0,1,0,0,1,0,0,0,0,0,0,0,1,0,0,0,0,0,770,1,
10995,0,0,0,0,0,0,0,1,0,1,1,0,0,1,0,0,0,0,0,773,1,
11026,0,0,1,0,0,0,0,0,0,0,1,0,0,1,0,0,1,0,0,776,1,
11111,0,0,1,0,0,0,0,0,0,0,0,0,0,1,0,0,0,0,0,778,1,
11129,0,0,0,1,0,0,0,1,1,0,0,0,1,0,1,0,0,0,0,781,1,
11169,0,0,0,1,0,0,0,1,1,0,0,0,1,0,0,0,0,0,0,784,1,
12175,0,0,1,0,0,1,0,1,1,0,1,0,0,0,0,0,0,0,0,830,1,
12290,0,0,0,1,0,0,0,0,0,0,1,0,0,0,0,1,0,0,0,832,1,
12350,1,1,0,0,1,0,0,0,1,0,1,0,0,0,0,0,0,0,0,833,1,
12494,1,1,0,1,0,0,0,0,1,0,0,0,0,1,0,0,1,0,0,838,1,
13731,0,1,0,0,0,0,0,0,1,0,0,1,0,1,1,0,0,0,0,886,1,
13805,0,1,0,0,0,0,0,0,0,0,0,0,1,0,1,1,0,0,0,887,1,
13891,0,0,1,1,0,0,0,0,1,0,0,1,0,0,0,0,0,0,0,890,1,
13935,0,0,0,0,0,0,0,1,0,0,1,0,1,0,0,0,1,0,0,891,1,
13965,0,0,0,0,1,1,0,0,0,1,0,0,0,1,1,0,1,0,0,892,1,
14010,0,1,0,0,1,0,0,1,0,0,0,0,0,0,0,0,0,1,0,893,1,
14021,0,0,0,0,0,0,0,0,1,0,0,0,0,1,0,0,0,0,1,895,1,
14076,1,1,1,1,1,0,0,0,0,0,0,0,0,0,0,0,0,0,1,896,1,
14109,1,1,0,0,1,0,0,1,0,0,0,0,0,0,1,0,0,0,1,897,1,
14112,1,1,0,0,0,0,0,0,0,0,0,0,0,0,0,0,0,1,1,898,1,
14161,0,0,0,0,0,1,0,0,0,0,0,0,1,0,0,0,0,0,0,899,1,
14231,1,0,0,0,0,1,0,1,0,0,0,0,0,1,1,0,1,0,0,900,1,
14280,1,0,0,0,0,0,0,1,0,0,0,0,0,1,0,1,1,1,0,903,1,
14288,0,0,0,0,0,0,0,1,0,0,0,0,1,0,0,0,0,1,0,904,1,
14368,1,0,0,0,0,0,0,0,0,0,0,1,0,0,0,0,0,0,0,907,1,
14429,1,1,0,0,0,0,0,0,1,0,0,1,0,0,1,0,0,0,0,908,1,
14486,0,0,0,0,0,0,0,0,0,1,0,0,0,0,1,0,1,0,0,910,1,
13697,0,1,1,1,0,0,0,0,0,0,0,1,0,0,0,1,0,0,0,885,1,
13638,0,0,0,0,1,0,0,1,0,0,1,0,0,0,1,0,1,0,0,884,1,
13586,0,0,0,0,0,0,0,0,0,0,0,0,0,0,1,1,1,0,0,882,1,
13071,0,1,1,0,0,0,0,0,0,0,1,0,0,0,0,1,1,0,0,857,1,
12506,0,0,0,0,1,0,0,1,0,0,0,0,0,0,0,1,0,1,0,839,1,
12539,0,1,0,0,0,1,0,0,0,0,0,0,0,0,0,0,1,0,1,840,1,
12666,1,0,0,0,0,0,0,0,0,0,0,0,0,0,0,1,1,1,0,842,1,
12698,0,0,1,0,1,0,0,0,1,0,0,0,0,0,0,1,0,0,0,844,1,
12790,1,0,1,0,0,0,0,0,0,0,0,0,0,1,0,1,0,0,0,845,1,
13009,1,0,0,0,0,0,0,1,0,0,1,0,0,0,0,1,0,0,0,852,1,
13066,1,0,0,0,1,0,0,1,0,0,0,0,0,0,1,0,1,0,0,856,1,
13081,1,0,0,0,1,1,0,1,0,0,0,0,0,0,1,0,0,0,0,858,1,
13411,1,0,1,0,0,0,0,0,0,0,0,0,0,0,1,0,0,0,0,876,1,
13149,0,0,1,0,0,0,0,0,0,0,1,1,0,0,0,0,0,0,0,864,1,
13183,0,0,0,0,0,0,0,1,0,0,0,0,0,0,1,0,0,1,1,865,1,
13290,1,1,0,0,0,1,0,1,0,0,0,0,0,0,1,0,1,0,0,870,1,
13293,0,0,0,0,0,1,0,0,0,0,0,0,0,1,0,0,0,1,0,871,1,
13320,1,1,0,0,0,1,0,1,1,0,1,0,0,1,0,0,0,0,0,872,1,
13333,1,0,0,1,0,0,0,0,0,0,0,0,0,0,1,0,0,0,0,873,1,
13347,0,1,0,0,0,0,0,0,0,0,1,0,0,0,0,1,1,0,0,874,1,
36505,1,0,0,0,0,1,0,0,0,0,1,0,0,1,0,0,1,0,0,1387,1,
